AMI,Alaska,1.051,1.086,0.984
AMI,Alaska,1.002,1.002,1.001
AMI,Alaska,1.002,1.002,0.921
AMI,Alaska,0.884,0.926,1.001
AMI,Alaska,0.918,0.905,0.976
AMI,Alabama,1.002,1.002,1.001
AMI,Alabama,1.002,1.045,1.001
AMI,Alabama,1.125,1.056,1.001
AMI,Alabama,1.037,1.002,0.986
AMI,Alabama,1.002,1.002,0.936
AMI,Alabama,0.979,1.042,1.06
AMI,Alabama,1.002,1.002,1.001
AMI,Alabama,1.002,1.002,1.001
AMI,Alabama,1.002,1.002,1.001
AMI,Alabama,1.04,0.986,1.001
AMI,Alabama,1.002,1.002,1.001
AMI,Alabama,1.002,1.002,0.967
AMI,Alabama,1.128,1.171,1.001
AMI,Alabama,1.002,1.002,1.001
AMI,Alabama,1.002,1.002,0.989
AMI,Alabama,1.002,1.002,1.001
AMI,Alabama,1.002,1.002,1.001
AMI,Alabama,1.002,1.002,1.001
AMI,Alabama,1.187,1.09,1.001
AMI,Alabama,0.99,1.093,1.001
AMI,Alabama,0.952,1.025,0.955
AMI,Alabama,1.002,1.002,1.001
AMI,Alabama,1.002,1.002,1.001
AMI,Alabama,1.002,1.002,1.06
AMI,Alabama,1.002,1.002,1.001
AMI,Alabama,1.002,1.002,1.001
AMI,Alabama,1.002,1.002,1.005
AMI,Alabama,1.002,1.002,1.001
AMI,Alabama,1.002,1.013,1.001
AMI,Alabama,1.04,1.017,1.001
AMI,Alabama,1.002,1.002,1.001
AMI,Alabama,1.002,1.002,1.001
AMI,Alabama,1.002,1.002,1.072
AMI,Alabama,1.002,1.002,0.893
AMI,Alabama,1.002,1.002,0.929
AMI,Alabama,1.002,1.002,1.001
AMI,Alabama,1.002,1.002,0.952
AMI,Alabama,0.937,0.915,1.023
AMI,Alabama,1.002,1.002,0.999
AMI,Alabama,1.002,1.002,0.937
AMI,Alabama,0.933,0.918,1.001
AMI,Alabama,1.002,1.002,1.001
AMI,Alabama,1.004,1.045,1.001
AMI,Alabama,1.002,1.002,0.894
AMI,Alabama,1.043,1.041,1.001
AMI,Alabama,0.966,0.981,1.017
AMI,Alabama,0.902,0.927,0.903
AMI,Alabama,0.953,1.002,1.001
AMI,Alabama,0.925,1.083,1.135
AMI,Alabama,1.027,0.97,1.014
AMI,Alabama,0.939,0.966,1.001
AMI,Arkansas,1.002,1.08,1.001
AMI,Arkansas,1.08,1.19,0.992
AMI,Arkansas,0.984,1.062,1.152
AMI,Arkansas,1.018,1.014,0.914
AMI,Arkansas,1.002,1.002,0.974
AMI,Arkansas,0.933,0.975,1.001
AMI,Arkansas,1.002,1.002,0.977
AMI,Arkansas,1.002,1.002,0.938
AMI,Arkansas,1.059,1.004,0.939
AMI,Arkansas,1.002,1.002,0.997
AMI,Arkansas,1.092,1.084,1.001
AMI,Arkansas,1.002,1.002,1.001
AMI,Arkansas,1.064,1.085,0.935
AMI,Arkansas,1.176,1.124,1
AMI,Arkansas,1.102,1.068,0.914
AMI,Arkansas,0.889,0.938,1.056
AMI,Arkansas,0.892,0.969,1.001
AMI,Arkansas,1.002,1.002,0.822
AMI,Arkansas,0.993,0.999,1.001
AMI,Arkansas,1.146,1.133,0.867
AMI,Arkansas,1.002,1.002,1.001
AMI,Arizona,0.926,1.034,1.001
AMI,Arizona,1.115,1.138,1.145
AMI,Arizona,0.875,0.87,0.968
AMI,Arizona,1.033,0.939,0.973
AMI,Arizona,0.998,1.052,1.001
AMI,Arizona,0.984,0.987,0.903
AMI,Arizona,1.011,0.983,1.001
AMI,Arizona,0.985,0.936,1.001
AMI,Arizona,0.93,0.945,0.983
AMI,Arizona,0.942,0.984,1.001
AMI,Arizona,1.017,1.139,0.996
AMI,Arizona,0.977,1.041,1.059
AMI,Arizona,1.07,1.005,0.929
AMI,Arizona,0.965,1.004,0.982
AMI,Arizona,0.859,0.929,0.948
AMI,Arizona,1.002,1.002,1.001
AMI,Arizona,1.002,1.002,1.046
AMI,Arizona,1.002,1.002,1.001
AMI,Arizona,1.002,1.002,1.001
AMI,Arizona,0.935,0.863,1.001
AMI,Arizona,1.002,1.002,1.001
AMI,Arizona,1.147,1.045,1.001
AMI,Arizona,1.002,1.002,0.963
AMI,Arizona,0.943,0.943,1.065
AMI,Arizona,0.935,0.939,0.949
AMI,California,0.977,1.039,1.001
AMI,California,1.218,1.24,0.987
AMI,California,1.189,1.143,0.978
AMI,California,1.078,1.071,0.942
AMI,California,1.119,1.071,1.108
AMI,California,1.002,1.01,0.965
AMI,California,1.127,1.113,1.088
AMI,California,1.025,1.054,1.001
AMI,California,1.121,1.085,0.867
AMI,California,1.06,0.989,1.001
AMI,California,0.963,1.021,0.972
AMI,California,1.053,1.102,1.03
AMI,California,1.04,1.013,1.001
AMI,California,1.004,0.992,1.001
AMI,California,1.028,1.033,0.89
AMI,California,1.17,1.069,1.001
AMI,California,0.972,1.019,1.001
AMI,California,1.008,0.977,0.949
AMI,California,1.002,1.002,0.955
AMI,California,1.162,1.137,0.908
AMI,California,1.002,1.002,0.913
AMI,California,1.002,1.002,1.033
AMI,California,1.002,1.002,0.894
AMI,California,1.037,1.057,1.001
AMI,California,0.982,0.974,1.004
AMI,California,0.983,0.948,0.948
AMI,California,1.184,1.169,1.001
AMI,California,1.002,1.002,0.933
AMI,California,1.14,1.112,1.043
AMI,California,0.882,1.045,1.118
AMI,California,1.002,1.002,0.953
AMI,California,1.034,1.019,1.001
AMI,California,0.895,0.855,1.02
AMI,California,0.956,0.918,1.001
AMI,California,0.971,0.944,1.059
AMI,California,1.063,1.028,0.943
AMI,California,1.002,1.002,1.001
AMI,California,1.002,1.002,1.001
AMI,California,1.001,1.016,0.957
AMI,California,1.052,1.053,1.058
AMI,California,0.981,0.987,0.852
AMI,California,0.951,1.046,1.001
AMI,California,1.002,1.002,0.838
AMI,California,1.002,1.002,0.921
AMI,California,1.018,0.997,0.913
AMI,California,0.927,0.994,0.96
AMI,California,1.002,1.002,0.971
AMI,California,1.002,1.002,1.001
AMI,California,1.014,1.018,0.862
AMI,California,1.002,1.002,1.13
AMI,California,0.997,1,0.927
AMI,California,1.003,1.002,0.888
AMI,California,1.004,1.013,1.046
AMI,California,1.018,1.038,0.985
AMI,California,1.002,1.002,1.009
AMI,California,1.002,1.002,0.916
AMI,California,1.002,1.002,1.001
AMI,California,1.002,1.002,1.001
AMI,California,0.925,0.999,0.978
AMI,California,1.002,1.002,0.997
AMI,California,1.096,1.066,0.987
AMI,California,1.004,0.992,0.89
AMI,California,1.002,1.002,1.055
AMI,California,1.121,1.155,0.97
AMI,California,1.057,1.03,1.051
AMI,California,0.943,0.961,1.024
AMI,California,0.901,0.906,1.001
AMI,California,1.024,0.976,1.001
AMI,California,1.03,1.074,1.001
AMI,California,1.002,1.002,0.974
AMI,California,0.985,0.909,1.024
AMI,California,1.002,0.999,1.001
AMI,California,1.002,1.002,1.001
AMI,California,1.018,0.965,1.032
AMI,California,1.002,1.002,1.114
AMI,California,0.878,0.882,0.933
AMI,California,0.976,1.039,0.802
AMI,California,1.077,1.03,0.941
AMI,California,0.952,1.01,0.884
AMI,California,1.041,1.077,1.001
AMI,California,1.002,1.002,0.974
AMI,California,0.998,1.002,0.934
AMI,California,0.989,0.997,0.913
AMI,California,1.058,1.04,1.081
AMI,California,1.041,0.884,0.866
AMI,California,1.018,1.012,0.94
AMI,California,1.002,1.002,0.924
AMI,California,1.093,1.056,1.001
AMI,California,0.935,1.002,1.003
AMI,California,1.224,1.153,1.022
AMI,California,0.914,0.912,0.972
AMI,California,0.967,1.002,0.945
AMI,California,1.002,1.002,0.794
AMI,California,0.947,0.961,1.005
AMI,California,1.008,1.018,1.001
AMI,California,0.912,0.873,0.961
AMI,California,1.002,1.002,1.001
AMI,California,1.032,0.999,0.963
AMI,California,0.953,0.917,1.011
AMI,California,1.139,1.052,1.001
AMI,California,0.935,0.964,1.001
AMI,California,0.967,1.012,0.904
AMI,California,0.889,0.946,0.913
AMI,California,1.047,1.062,1.002
AMI,California,1.033,1.027,1.015
AMI,California,1.027,0.981,0.946
AMI,California,1.002,1.002,1.067
AMI,California,1.002,1.002,0.861
AMI,California,0.908,0.923,1.073
AMI,California,1.002,1.002,1.001
AMI,California,1.002,1.002,0.928
AMI,California,0.965,0.895,0.962
AMI,California,1.018,0.987,1.023
AMI,California,1.044,1.078,0.998
AMI,California,0.914,0.922,1.054
AMI,California,1.002,1.002,1.001
AMI,California,0.934,0.973,1.001
AMI,California,1.004,0.982,0.97
AMI,California,0.969,1.064,1.102
AMI,California,0.943,0.904,1.001
AMI,California,0.933,0.912,0.954
AMI,California,1.072,1.042,1.005
AMI,California,0.92,1.016,1.001
AMI,California,1.044,1.053,0.982
AMI,California,0.948,1.025,1.028
AMI,California,0.881,0.977,0.9
AMI,California,0.921,0.947,1.015
AMI,California,1.024,0.932,0.994
AMI,California,1.108,1.007,1.001
AMI,California,1.188,1.03,0.921
AMI,California,0.909,0.977,0.978
AMI,California,1.002,1.002,1.001
AMI,California,1.239,1.151,1.001
AMI,California,0.898,0.931,1.024
AMI,California,0.905,0.837,0.963
AMI,California,0.892,0.914,0.906
AMI,California,0.911,0.936,0.986
AMI,California,0.82,0.802,1.001
AMI,California,0.974,0.936,1.001
AMI,California,1.002,1.002,1.001
AMI,California,0.947,0.883,1.041
AMI,California,1.011,1.002,1.001
AMI,California,1.039,1.078,0.989
AMI,California,0.911,0.956,0.962
AMI,California,0.81,0.943,0.97
AMI,California,0.909,0.95,1.001
AMI,California,0.737,0.834,1.038
AMI,California,1.009,1.091,1.001
AMI,California,0.896,0.914,0.994
AMI,California,0.958,0.915,1.116
AMI,Colorado,1.002,1.002,1.001
AMI,Colorado,0.98,0.972,1.001
AMI,Colorado,0.86,0.921,1.001
AMI,Colorado,0.89,0.948,1.002
AMI,Colorado,0.915,0.946,0.962
AMI,Colorado,0.812,0.876,1.001
AMI,Colorado,1,0.942,0.964
AMI,Colorado,0.92,0.968,0.943
AMI,Colorado,0.964,0.96,1.002
AMI,Colorado,0.924,0.895,1.001
AMI,Colorado,0.989,0.992,1.001
AMI,Colorado,1.002,1.002,1.001
AMI,Colorado,1.002,1.002,1.001
AMI,Colorado,0.992,0.924,0.88
AMI,Colorado,1.021,1.011,1.034
AMI,Colorado,1.002,1.002,0.894
AMI,Colorado,1.002,1.002,1.001
AMI,Colorado,0.915,0.929,1.001
AMI,Colorado,0.886,0.938,1.001
AMI,Colorado,0.828,0.942,0.986
AMI,Colorado,1,0.948,1.001
AMI,Connecticut,1.189,1.133,1.001
AMI,Connecticut,1.117,1.097,1.001
AMI,Connecticut,1.045,1.018,1.001
AMI,Connecticut,0.936,0.946,0.901
AMI,Connecticut,1.002,1.002,0.977
AMI,Connecticut,1.059,1.063,0.853
AMI,Connecticut,0.913,0.858,0.948
AMI,Connecticut,0.968,1.019,1.035
AMI,Connecticut,1.016,1.002,1.001
AMI,Connecticut,1.109,1.096,0.84
AMI,Connecticut,0.968,0.991,0.934
AMI,Connecticut,0.975,0.975,1.001
AMI,Connecticut,0.95,1.03,1.001
AMI,Connecticut,0.965,0.925,1.001
AMI,Connecticut,1.059,1.035,1.001
AMI,Connecticut,1.083,1.034,0.989
AMI,Connecticut,0.908,0.838,1.001
AMI,Delaware,0.981,0.903,0.882
AMI,Florida,1.037,1.003,1.001
AMI,Florida,1.066,0.981,1.001
AMI,Florida,1.066,1.086,0.971
AMI,Florida,1.07,1.093,1.001
AMI,Florida,1.181,1.121,0.984
AMI,Florida,0.832,0.921,1.052
AMI,Florida,1.003,0.977,1.001
AMI,Florida,1.014,1.019,1.001
AMI,Florida,0.998,1.016,1.001
AMI,Florida,0.967,1.062,1.01
AMI,Florida,1.067,1.041,0.751
AMI,Florida,1.028,0.977,1.047
AMI,Florida,1.001,1.053,0.878
AMI,Florida,1.055,1.055,1.001
AMI,Florida,1.002,1.002,0.98
AMI,Florida,1.074,1.029,1.086
AMI,Florida,1.07,1.069,1.001
AMI,Florida,0.934,0.99,1.001
AMI,Florida,1.002,1.002,1.071
AMI,Florida,1.089,1.067,1.001
AMI,Florida,0.994,0.994,0.963
AMI,Florida,1.019,1.046,1.025
AMI,Florida,1.128,1.139,1.046
AMI,Florida,1.059,1.014,1.006
AMI,Florida,1.087,1.013,1.001
AMI,Florida,1.116,1.102,0.952
AMI,Florida,1.064,1.097,1.001
AMI,Florida,1.031,0.974,1.001
AMI,Florida,1.024,0.977,0.951
AMI,Florida,1.046,1.061,0.938
AMI,Florida,1.111,1.064,1.043
AMI,Florida,0.947,0.995,0.899
AMI,Florida,1.002,1.002,1.001
AMI,Florida,1.103,1.117,1.001
AMI,Florida,0.982,1.073,0.939
AMI,Florida,1.03,1.061,0.981
AMI,Florida,0.958,1.069,1.001
AMI,Florida,1.094,1.056,0.93
AMI,Florida,1.046,1.08,0.819
AMI,Florida,1.002,1.024,1.001
AMI,Florida,1.053,0.969,1.072
AMI,Florida,1.083,0.999,0.945
AMI,Florida,0.933,0.923,1.001
AMI,Florida,1.058,1.102,1.001
AMI,Florida,1.152,1.068,0.975
AMI,Florida,0.944,0.997,1.001
AMI,Florida,1.031,1.002,1.082
AMI,Florida,1.002,1.002,1.001
AMI,Florida,1.047,1.04,1.041
AMI,Florida,1.081,1.102,1.001
AMI,Florida,1.002,1.002,0.988
AMI,Florida,1.1,1.05,1.001
AMI,Florida,0.845,0.859,1.001
AMI,Florida,0.873,0.943,0.83
AMI,Florida,0.971,0.98,1.001
AMI,Florida,0.877,0.957,0.991
AMI,Florida,1.11,1.129,1.001
AMI,Florida,1.002,1.002,0.967
AMI,Florida,1.002,1.002,0.833
AMI,Florida,1.037,0.946,1
AMI,Florida,1.002,1.002,1.012
AMI,Florida,1.073,0.954,1.001
AMI,Florida,1.054,1.107,0.952
AMI,Florida,0.977,0.987,1.001
AMI,Florida,1.025,1.041,1.001
AMI,Florida,1.103,1.128,0.875
AMI,Florida,1.026,0.964,0.996
AMI,Florida,0.902,0.93,0.966
AMI,Florida,0.963,1.072,1.001
AMI,Florida,1.066,1.062,1.001
AMI,Florida,0.877,0.841,1.001
AMI,Florida,0.938,0.958,1.001
AMI,Florida,1.002,1.002,0.993
AMI,Florida,0.946,0.941,1.001
AMI,Florida,1.03,1.07,1.016
AMI,Florida,0.991,1.032,0.988
AMI,Florida,0.901,0.94,1.045
AMI,Florida,1.054,1.045,0.996
AMI,Florida,0.914,1.025,1.001
AMI,Florida,0.954,0.942,0.907
AMI,Florida,1.081,1.055,0.988
AMI,Florida,1.031,0.953,1.003
AMI,Florida,0.972,1.081,1.001
AMI,Florida,0.946,1.014,0.969
AMI,Florida,0.957,0.969,0.97
AMI,Florida,0.931,0.95,1.001
AMI,Florida,0.948,0.945,0.938
AMI,Florida,0.91,0.934,1.001
AMI,Florida,1.094,1.074,1.071
AMI,Florida,1.046,1.046,1.001
AMI,Florida,0.896,0.946,0.971
AMI,Florida,1.046,1.018,1.039
AMI,Florida,1.009,1.03,0.937
AMI,Florida,0.969,1.075,1.033
AMI,Florida,0.826,0.812,1.001
AMI,Florida,0.886,0.98,1.001
AMI,Florida,1.007,1.033,0.92
AMI,Florida,1.091,1.082,0.975
AMI,Florida,0.988,0.869,1.001
AMI,Florida,1.118,1.018,1.038
AMI,Florida,0.865,0.882,0.995
AMI,Georgia,0.974,0.963,1.001
AMI,Georgia,1.002,1.002,1.001
AMI,Georgia,1.002,1.002,0.957
AMI,Georgia,1.096,1.031,1.001
AMI,Georgia,1.039,0.959,1.001
AMI,Georgia,0.902,0.988,1.001
AMI,Georgia,1.002,1.002,1.001
AMI,Georgia,0.929,0.948,0.989
AMI,Georgia,1.002,1.002,0.904
AMI,Georgia,1.033,1.046,0.946
AMI,Georgia,1.002,1.002,1.108
AMI,Georgia,0.973,1.012,1.009
AMI,Georgia,1.068,1.056,1.001
AMI,Georgia,1.105,1.086,1.096
AMI,Georgia,1.002,1.002,1.072
AMI,Georgia,1.002,1.002,1.108
AMI,Georgia,1.002,1.002,0.938
AMI,Georgia,0.987,1.022,1.001
AMI,Georgia,0.939,1.014,0.852
AMI,Georgia,1.002,1.002,1.001
AMI,Georgia,1.002,1.002,0.867
AMI,Georgia,1.067,1.022,1.001
AMI,Georgia,1.002,1.002,1.001
AMI,Georgia,1.002,1.002,1.001
AMI,Georgia,1.002,1.002,1.108
AMI,Georgia,0.862,0.974,0.926
AMI,Georgia,1.075,1.166,0.946
AMI,Georgia,0.952,0.992,1.001
AMI,Georgia,0.905,0.899,1.108
AMI,Georgia,1.033,1.101,0.877
AMI,Georgia,0.816,0.871,1.024
AMI,Georgia,1.002,1.002,0.902
AMI,Georgia,1.002,1.002,1.001
AMI,Georgia,1.068,0.973,0.905
AMI,Georgia,0.995,0.942,1.076
AMI,Georgia,0.854,0.964,0.938
AMI,Georgia,1.002,1.002,1.001
AMI,Georgia,1.189,1.097,0.929
AMI,Georgia,1.002,1.002,0.871
AMI,Georgia,1.047,0.922,1.001
AMI,Georgia,1.015,0.991,1.108
AMI,Georgia,0.955,1.002,1.001
AMI,Georgia,0.925,0.962,0.916
AMI,Georgia,1.002,1.002,1.001
AMI,Georgia,1.002,1.002,1.001
AMI,Georgia,1.002,1.002,0.959
AMI,Georgia,1.002,1.002,0.994
AMI,Georgia,0.846,0.974,1.117
AMI,Georgia,1.057,1.058,0.941
AMI,Georgia,0.921,0.896,0.994
AMI,Georgia,1.01,1.002,1.001
AMI,Georgia,0.799,0.984,1.108
AMI,Georgia,0.993,0.965,1.001
AMI,Georgia,0.97,0.927,1.027
AMI,Georgia,0.894,0.888,1.001
AMI,Hawaii,1.144,1.047,1.001
AMI,Hawaii,1.013,1.002,0.913
AMI,Hawaii,1.06,1.042,1.108
AMI,Hawaii,1.187,1.128,0.996
AMI,Hawaii,1.053,1.015,1.001
AMI,Hawaii,1.076,0.977,1.001
AMI,Hawaii,0.906,0.866,1.108
AMI,Iowa,0.942,0.944,1.079
AMI,Iowa,1.062,1.003,1.041
AMI,Iowa,0.926,0.991,0.927
AMI,Iowa,0.916,0.917,1.001
AMI,Iowa,0.974,1.002,0.977
AMI,Iowa,1.04,1.034,0.994
AMI,Iowa,1.002,1.002,1.001
AMI,Iowa,1.002,1.002,1.001
AMI,Iowa,0.939,0.871,1.072
AMI,Iowa,0.766,0.823,0.902
AMI,Idaho,1.002,1.002,1.001
AMI,Idaho,1.002,1.002,1.001
AMI,Idaho,1.002,1.002,1.001
AMI,Idaho,1.002,1.002,0.951
AMI,Idaho,1.002,1.002,1.001
AMI,Idaho,1.002,1.002,0.966
AMI,Idaho,1.002,1.002,1.001
AMI,Idaho,1.002,1.002,0.972
AMI,Idaho,1.002,1.002,0.953
AMI,Idaho,0.882,0.934,1.001
AMI,Idaho,0.848,0.803,1.001
AMI,Idaho,0.794,0.829,1.001
AMI,Idaho,0.866,0.924,1.001
AMI,Illinois,1.133,1.163,0.906
AMI,Illinois,1.022,1.031,0.984
AMI,Illinois,1.094,1.066,0.961
AMI,Illinois,1.314,1.153,1.015
AMI,Illinois,1.066,0.961,0.971
AMI,Illinois,1.096,1.042,1
AMI,Illinois,1.002,1.002,0.913
AMI,Illinois,1.104,1.194,1.001
AMI,Illinois,0.97,0.957,0.983
AMI,Illinois,1.152,1.17,1.031
AMI,Illinois,1.072,1.114,0.969
AMI,Illinois,1.156,1.075,1.001
AMI,Illinois,1.038,1.002,1.063
AMI,Illinois,1.124,1.106,0.843
AMI,Illinois,1.121,1.073,0.981
AMI,Illinois,1.002,1.002,0.984
AMI,Illinois,1.05,1.08,1.017
AMI,Illinois,1.074,1.073,1.001
AMI,Illinois,1.014,0.989,0.905
AMI,Illinois,1.125,1.092,1.001
AMI,Illinois,1.002,1.002,0.865
AMI,Illinois,1.002,1.002,0.991
AMI,Illinois,0.969,0.991,1.04
AMI,Illinois,0.916,0.953,1.035
AMI,Illinois,0.895,0.964,0.996
AMI,Illinois,1.002,1.002,1.001
AMI,Illinois,1.002,0.959,0.992
AMI,Illinois,1.092,1.027,0.941
AMI,Illinois,0.999,1.002,1.001
AMI,Illinois,0.92,1.012,1.003
AMI,Illinois,1.118,1.097,1.001
AMI,Illinois,1.016,1.08,1.001
AMI,Illinois,1.141,1.082,1.001
AMI,Illinois,1.131,1.202,1.01
AMI,Illinois,0.964,0.943,1.001
AMI,Illinois,0.998,1.032,1.001
AMI,Illinois,1.114,1.048,0.937
AMI,Illinois,1.002,1.014,1.001
AMI,Illinois,0.965,0.915,0.938
AMI,Illinois,1.048,1.041,1.001
AMI,Illinois,0.99,0.994,1.001
AMI,Illinois,1.002,1.002,1.001
AMI,Illinois,0.95,1.011,1.001
AMI,Illinois,0.98,0.911,0.993
AMI,Illinois,1.002,0.934,0.84
AMI,Illinois,1.019,1.028,1.001
AMI,Illinois,0.934,0.905,1.001
AMI,Illinois,1.089,1.006,1.001
AMI,Illinois,0.884,0.953,1.001
AMI,Illinois,1.007,1.012,0.955
AMI,Illinois,1.147,1.111,0.872
AMI,Illinois,1.009,1.09,1.001
AMI,Illinois,0.899,0.914,1.001
AMI,Illinois,1.072,1.059,1.005
AMI,Illinois,1.106,0.981,0.991
AMI,Illinois,1.099,1.077,1.001
AMI,Illinois,0.986,0.974,0.969
AMI,Illinois,1.121,1.084,1.001
AMI,Illinois,1.002,1.002,0.808
AMI,Illinois,1.082,0.93,1.001
AMI,Illinois,0.999,1.028,1.001
AMI,Illinois,0.962,0.975,0.87
AMI,Illinois,1.033,0.99,1.001
AMI,Kansas,1.002,1.002,1.023
AMI,Kansas,1.041,1.097,0.984
AMI,Kansas,0.913,0.934,1.041
AMI,Kansas,1.002,1.002,0.952
AMI,Kansas,1.002,1.002,0.954
AMI,Kansas,1.048,1.025,1.001
AMI,Kansas,1.002,1.002,1.036
AMI,Kansas,1.002,1.002,0.979
AMI,Kansas,0.713,0.785,1.008
AMI,Kansas,1.082,1.018,1.027
AMI,Kansas,1.002,1.002,1.078
AMI,Kansas,1.002,1.002,0.933
AMI,Kansas,0.853,0.792,1.08
AMI,Kansas,1.002,1.002,1.026
AMI,Kansas,1.002,1.002,0.858
AMI,Kansas,1.002,1.002,1.001
AMI,Kansas,1.002,1.002,1.001
AMI,Kansas,0.944,1.022,1.001
AMI,Kansas,1.107,1.086,1.017
AMI,Kansas,1.033,1.026,0.857
AMI,Kansas,1.002,1.002,0.986
AMI,Kansas,0.85,0.904,1.016
AMI,Kansas,0.859,0.922,1.006
AMI,Kentucky,1.045,1.136,0.96
AMI,Kentucky,1.002,1.002,1.001
AMI,Kentucky,1.002,1.002,0.97
AMI,Kentucky,1.002,1.002,0.926
AMI,Kentucky,1.075,1.081,1.001
AMI,Kentucky,1.078,1.033,1
AMI,Kentucky,1.002,1.002,1.001
AMI,Kentucky,1.027,0.964,0.971
AMI,Kentucky,0.947,0.898,1.001
AMI,Kentucky,0.912,1.008,1.001
AMI,Kentucky,1.002,1.002,1.001
AMI,Kentucky,1.038,1.053,0.962
AMI,Kentucky,0.88,0.89,1.054
AMI,Kentucky,1.051,1.031,0.98
AMI,Kentucky,1.002,1.002,0.908
AMI,Kentucky,0.899,0.933,0.977
AMI,Kentucky,1.002,1.002,1.001
AMI,Kentucky,0.901,0.964,0.873
AMI,Kentucky,1.002,1.002,1.001
AMI,Kentucky,1.002,0.98,1.001
AMI,Kentucky,1.002,1.002,1.001
AMI,Kentucky,1.002,1.002,0.897
AMI,Kentucky,1.043,1.043,1.001
AMI,Kentucky,1.004,1.097,0.952
AMI,Kentucky,1.026,1.025,1.021
AMI,Kentucky,1.002,1.002,1.024
AMI,Kentucky,0.964,1.016,0.968
AMI,Kentucky,0.976,1.023,1.001
AMI,Kentucky,1.002,1.002,0.968
AMI,Kentucky,0.991,0.989,1.001
AMI,Kentucky,1.002,1.002,0.863
AMI,Kentucky,0.959,0.95,1.001
AMI,Kentucky,1.002,1.002,1.001
AMI,Kentucky,0.904,1.002,1.001
AMI,Kentucky,1.009,1.009,1.001
AMI,Kentucky,0.969,0.935,0.956
AMI,Louisiana,0.955,0.989,0.954
AMI,Louisiana,1.002,1.002,0.918
AMI,Louisiana,1.088,1.097,1.001
AMI,Louisiana,1.002,1.002,1.027
AMI,Louisiana,0.972,0.953,1.001
AMI,Louisiana,1.002,1.002,1.074
AMI,Louisiana,1.044,1.02,1.112
AMI,Louisiana,1.002,1.002,1.001
AMI,Louisiana,1.085,1.083,0.988
AMI,Louisiana,1.002,1.002,1.001
AMI,Louisiana,1.002,1.002,0.966
AMI,Louisiana,1.002,1.002,0.988
AMI,Louisiana,1.002,1.002,1.001
AMI,Louisiana,1.075,1.052,0.994
AMI,Louisiana,1.048,1.046,0.943
AMI,Louisiana,1.002,1.002,1.001
AMI,Louisiana,1.002,1.002,1.071
AMI,Louisiana,1.154,1.13,1.001
AMI,Louisiana,0.98,0.957,0.926
AMI,Louisiana,1.002,1.002,1.005
AMI,Louisiana,1.016,0.982,1.001
AMI,Louisiana,0.945,1.01,1.015
AMI,Louisiana,1.002,1.002,0.989
AMI,Louisiana,1.134,1.091,0.768
AMI,Louisiana,0.96,0.954,1.001
AMI,Louisiana,0.939,0.922,1.001
AMI,Louisiana,1.002,1.002,1.001
AMI,Louisiana,1.042,1.061,1.001
AMI,Louisiana,1.002,1.002,0.857
AMI,Louisiana,0.98,0.896,1.019
AMI,Louisiana,1.002,1.002,1.001
AMI,Louisiana,1.095,1.105,1.001
AMI,Louisiana,0.98,1.013,0.986
AMI,Louisiana,0.9,0.877,1.001
AMI,Louisiana,0.972,0.981,0.925
AMI,Massachusetts,1.145,1.107,0.974
AMI,Massachusetts,1.026,1.045,1.001
AMI,Massachusetts,1.185,1.155,0.929
AMI,Massachusetts,1.075,1.035,1.001
AMI,Massachusetts,1.045,1.02,0.974
AMI,Massachusetts,1.072,0.993,0.918
AMI,Massachusetts,1.102,1.002,0.822
AMI,Massachusetts,1.016,1.079,1.001
AMI,Massachusetts,1.059,1.025,1.001
AMI,Massachusetts,1.176,1.159,1.001
AMI,Massachusetts,0.983,0.982,0.964
AMI,Massachusetts,1.002,1.002,1.001
AMI,Massachusetts,1.019,1.071,1.001
AMI,Massachusetts,1.091,1.109,1.001
AMI,Massachusetts,1.002,1.002,0.953
AMI,Massachusetts,1.002,1.002,1.001
AMI,Massachusetts,0.992,0.967,1.02
AMI,Massachusetts,1.056,1.06,1.001
AMI,Massachusetts,0.919,0.942,1.011
AMI,Massachusetts,1.011,0.989,0.956
AMI,Massachusetts,0.97,0.912,1.012
AMI,Massachusetts,1.037,1.118,0.998
AMI,Massachusetts,0.909,0.937,1.031
AMI,Massachusetts,1.002,1.002,1.001
AMI,Massachusetts,0.891,1.004,0.95
AMI,Massachusetts,1.072,1.03,1.001
AMI,Massachusetts,1.035,1.058,0.938
AMI,Massachusetts,1.051,0.924,1.015
AMI,Massachusetts,1.065,1.033,0.962
AMI,Maryland,1.119,1.09,1.001
AMI,Maryland,1.21,1.175,0.92
AMI,Maryland,1.128,1.151,0.962
AMI,Maryland,1.002,1.002,0.892
AMI,Maryland,1.059,0.969,1.118
AMI,Maryland,1.184,1.155,0.951
AMI,Maryland,1.005,0.921,1.001
AMI,Maryland,1.002,1.002,1.049
AMI,Maryland,1.042,0.946,1.006
AMI,Maryland,0.913,1.02,1.001
AMI,Maryland,1.043,1.13,1.049
AMI,Maryland,1.096,1.173,0.928
AMI,Maryland,1.193,1.121,0.932
AMI,Maryland,1.125,1.046,0.984
AMI,Maryland,0.981,1.046,1.1
AMI,Maryland,1.107,1.082,0.974
AMI,Maryland,1.002,0.982,1.001
AMI,Maryland,0.983,0.987,0.881
AMI,Maine,0.969,0.964,0.989
AMI,Maine,0.857,0.866,1.001
AMI,Maine,1.171,1.091,0.943
AMI,Maine,0.96,0.953,1.001
AMI,Maine,0.987,1.016,0.921
AMI,Maine,0.821,0.856,0.928
AMI,Maine,1.002,1.002,1.058
AMI,Maine,1.063,1.044,1.001
AMI,Maine,0.834,0.835,0.942
AMI,Maine,0.934,0.905,1.037
AMI,Michigan,1.161,1.118,1.058
AMI,Michigan,1.041,1.159,0.936
AMI,Michigan,0.936,0.944,1.041
AMI,Michigan,1.054,1.058,0.91
AMI,Michigan,1.002,1.002,1.001
AMI,Michigan,1.017,1.047,0.994
AMI,Michigan,1.041,1.013,0.947
AMI,Michigan,1.002,0.988,1.061
AMI,Michigan,1.038,0.999,1.001
AMI,Michigan,0.903,1.013,0.992
AMI,Michigan,0.971,0.961,1.001
AMI,Michigan,0.962,0.905,1.036
AMI,Michigan,0.907,0.891,1.001
AMI,Michigan,1.026,1.126,1.001
AMI,Michigan,1.103,1.1,1.001
AMI,Michigan,1.002,1.002,1.001
AMI,Michigan,1.01,1.009,1.01
AMI,Michigan,1.002,1.002,0.889
AMI,Michigan,1.002,0.978,1.001
AMI,Michigan,1.002,1.002,1.001
AMI,Michigan,1.002,1.002,0.83
AMI,Michigan,1.016,0.945,1.001
AMI,Michigan,0.93,0.961,1.001
AMI,Michigan,1.024,1.028,1.001
AMI,Michigan,1.002,1.002,0.963
AMI,Michigan,0.941,0.99,1.018
AMI,Michigan,0.82,0.855,1.006
AMI,Minnesota,0.799,0.826,1.001
AMI,Minnesota,1.002,1.002,1.011
AMI,Minnesota,0.919,0.978,0.932
AMI,Minnesota,1.006,0.983,1.001
AMI,Minnesota,1.043,0.979,1.001
AMI,Minnesota,0.98,0.941,1.001
AMI,Minnesota,1.002,1.002,1.001
AMI,Minnesota,1.002,1.002,1.001
AMI,Minnesota,1.002,0.98,0.951
AMI,Minnesota,1.002,1.002,1.068
AMI,Minnesota,0.953,0.97,1.001
AMI,Minnesota,1.002,1.002,0.993
AMI,Minnesota,1.002,1.002,0.991
AMI,Minnesota,0.952,0.964,1.001
AMI,Minnesota,0.966,0.969,1.001
AMI,Minnesota,0.993,1.028,0.878
AMI,Minnesota,1.002,1.002,1.077
AMI,Minnesota,0.928,0.893,1.005
AMI,Minnesota,0.851,0.873,1.001
AMI,Minnesota,1.002,1.002,0.927
AMI,Minnesota,1.002,1.002,1.033
AMI,Minnesota,0.952,1.011,1.001
AMI,Missouri,1.002,1.002,0.981
AMI,Missouri,1.142,1.062,0.982
AMI,Missouri,0.911,1.002,0.948
AMI,Missouri,1.108,1.158,1.002
AMI,Missouri,1.006,1.005,1.001
AMI,Missouri,1.002,1.002,1.001
AMI,Missouri,1.002,1.002,0.996
AMI,Missouri,0.935,0.894,1.001
AMI,Missouri,1.002,1.002,1.047
AMI,Missouri,1.002,1.002,1.001
AMI,Missouri,1.013,1.08,0.966
AMI,Missouri,1.002,1.002,1.001
AMI,Missouri,1.002,1.002,1.001
AMI,Missouri,1.018,0.969,1.001
AMI,Missouri,1.002,1.002,1.001
AMI,Missouri,1.002,1.002,1.001
AMI,Missouri,0.89,0.931,0.994
AMI,Missouri,1.02,0.924,0.974
AMI,Missouri,0.996,0.936,1.001
AMI,Missouri,0.904,0.892,1.001
AMI,Missouri,0.999,1.031,1.068
AMI,Missouri,0.906,0.967,1.001
AMI,Missouri,1.002,1.002,0.88
AMI,Missouri,0.925,0.933,1.001
AMI,Missouri,1.002,1.002,1.001
AMI,Missouri,1.043,0.997,1.016
AMI,Missouri,1.002,1.002,1.01
AMI,Missouri,0.961,0.99,1.067
AMI,Missouri,1.002,1.002,1.001
AMI,Missouri,1.079,0.936,1.001
AMI,Missouri,0.799,0.912,0.954
AMI,Mississippi,1.054,0.967,1.001
AMI,Mississippi,0.997,1.074,1.001
AMI,Mississippi,0.997,1.074,1.001
AMI,Mississippi,0.997,1.074,1.001
AMI,Mississippi,0.997,1.074,0.925
AMI,Mississippi,0.997,1.074,0.991
AMI,Mississippi,0.997,1.074,0.936
AMI,Mississippi,0.997,1.074,0.92
AMI,Mississippi,0.997,1.074,1.001
AMI,Mississippi,1.002,1.002,0.995
AMI,Mississippi,1.002,1.002,0.913
AMI,Mississippi,0.968,1.031,1.001
AMI,Mississippi,1.003,1.002,1.001
AMI,Mississippi,1.002,1.002,1.001
AMI,Mississippi,1.002,1.002,1.001
AMI,Mississippi,1.002,1.002,1.001
AMI,Mississippi,1.002,1.002,1.001
AMI,Mississippi,1.002,1.002,1.001
AMI,Mississippi,1.002,1.002,1.001
AMI,Mississippi,1.002,1.002,1.005
AMI,Mississippi,1.002,1.002,1.001
AMI,Mississippi,1.08,1.113,1.001
AMI,Mississippi,0.81,0.811,1.001
AMI,Mississippi,1.002,1.002,0.997
AMI,Montana,1.002,1.002,1.001
AMI,Montana,0.892,0.946,1.001
AMI,Montana,0.958,0.932,1.001
AMI,North Carolina,0.997,1.013,1.001
AMI,North Carolina,1.062,1.04,1.137
AMI,North Carolina,1.121,1.124,0.97
AMI,North Carolina,1.002,1.002,1.042
AMI,North Carolina,1.012,1.04,1.136
AMI,North Carolina,0.976,0.957,1.005
AMI,North Carolina,0.993,0.939,1.007
AMI,North Carolina,1.035,1.007,1.022
AMI,North Carolina,1.005,1.042,1.002
AMI,North Carolina,1.141,1.08,1.018
AMI,North Carolina,1.022,1.002,0.993
AMI,North Carolina,1.015,0.96,1.001
AMI,North Carolina,1.064,1.002,1.052
AMI,North Carolina,0.992,1.03,1.069
AMI,North Carolina,0.907,0.888,1.013
AMI,North Carolina,1.009,0.988,0.985
AMI,North Carolina,1.088,1.116,1.017
AMI,North Carolina,1.002,1.002,1.061
AMI,North Carolina,0.984,0.959,1.007
AMI,North Carolina,1.102,0.992,1.078
AMI,North Carolina,0.992,0.956,1.051
AMI,North Carolina,0.966,1.047,0.992
AMI,North Carolina,1.179,1.079,0.915
AMI,North Carolina,0.953,1.053,1.021
AMI,North Carolina,1.002,1.002,1.032
AMI,North Carolina,0.98,1.002,1.028
AMI,North Carolina,0.959,0.969,1.054
AMI,North Carolina,1.007,1.031,1.057
AMI,North Carolina,0.986,0.986,0.89
AMI,North Carolina,1.045,1.029,1.134
AMI,North Carolina,1.008,0.974,0.998
AMI,North Carolina,0.946,1.002,1.09
AMI,North Carolina,0.932,1.004,0.917
AMI,North Carolina,1.002,1.002,1.054
AMI,North Carolina,0.887,0.835,1.041
AMI,North Carolina,0.975,1.015,0.995
AMI,North Carolina,0.956,0.937,1.021
AMI,North Carolina,0.957,0.954,1.005
AMI,North Dakota,0.973,0.969,0.987
AMI,North Dakota,0.755,0.767,0.97
AMI,Nebraska,1.022,1.002,0.95
AMI,Nebraska,0.952,0.904,0.867
AMI,Nebraska,1.021,1.022,0.89
AMI,Nebraska,1.151,1.027,1.001
AMI,Nebraska,1.002,1.002,1.001
AMI,Nebraska,0.932,0.954,1.076
AMI,New Hampshire,0.971,1.028,0.957
AMI,New Hampshire,1.002,1.048,1.001
AMI,New Hampshire,0.813,0.883,0.967
AMI,New Hampshire,1.096,0.998,0.956
AMI,New Hampshire,0.977,1.002,1.001
AMI,New Hampshire,1.008,0.953,0.833
AMI,New Hampshire,0.811,0.807,1.031
AMI,New Hampshire,1.021,0.992,1.053
AMI,New Hampshire,0.963,0.898,1.001
AMI,New Jersey,1.153,1.18,1.066
AMI,New Jersey,1.131,1.049,1.006
AMI,New Jersey,1.15,1.182,0.93
AMI,New Jersey,1.002,1.002,0.903
AMI,New Jersey,1.262,1.186,1.125
AMI,New Jersey,1.064,1.032,0.994
AMI,New Jersey,1.246,1.101,0.848
AMI,New Jersey,1.041,1.013,0.995
AMI,New Jersey,1.016,0.987,0.97
AMI,New Jersey,0.963,1.002,0.937
AMI,New Jersey,1.031,1.026,0.986
AMI,New Jersey,0.999,0.97,0.996
AMI,New Jersey,1.063,1.072,1.066
AMI,New Jersey,1.118,1.117,0.951
AMI,New Jersey,0.991,0.968,0.935
AMI,New Jersey,1.105,1.025,0.956
AMI,New Jersey,1.084,1.102,1.001
AMI,New Jersey,1.151,1.193,1.001
AMI,New Jersey,1.131,1.098,1.036
AMI,New Jersey,1.021,1.018,1.131
AMI,New Jersey,1.028,0.961,0.895
AMI,New Jersey,0.951,0.949,0.978
AMI,New Jersey,1.101,1.151,0.978
AMI,New Jersey,1.036,0.985,1.001
AMI,New Jersey,1.093,1.055,1.105
AMI,New Jersey,1.043,0.989,1.016
AMI,New Mexico,1.081,0.958,0.939
AMI,New Mexico,1.002,1.002,0.965
AMI,New Mexico,1.002,1.002,1.001
AMI,New Mexico,1.002,1.002,0.724
AMI,New Mexico,1.002,1.002,0.965
AMI,New Mexico,1.002,1.002,0.961
AMI,New Mexico,1.002,1.002,0.77
AMI,New Mexico,0.793,0.779,0.956
AMI,New Mexico,1.002,1.002,0.983
AMI,New Mexico,1.002,1.002,0.963
AMI,New Mexico,1.002,1.002,1.001
AMI,New Mexico,0.964,0.989,1.001
AMI,New Mexico,1.002,1.002,1.001
AMI,New Mexico,1.002,1.002,0.937
AMI,New Mexico,1.002,1.002,0.933
AMI,New Mexico,1.002,0.975,1.049
AMI,New Mexico,0.897,0.838,0.853
AMI,New Mexico,0.863,1.014,0.975
AMI,Nevada,1.149,1.183,1.001
AMI,Nevada,0.792,0.87,1.001
AMI,Nevada,1.127,1.082,1.001
AMI,Nevada,1.002,1.002,1.001
AMI,Nevada,0.976,1.03,1.001
AMI,Nevada,0.874,0.963,1.001
AMI,Nevada,0.937,1.013,1.022
AMI,Nevada,1.03,1.03,1.001
AMI,Nevada,0.954,1.021,1.001
AMI,Nevada,1.002,1.002,1.001
AMI,Nevada,1.002,1.002,0.969
AMI,Nevada,1.002,1.002,0.95
AMI,Nevada,0.995,1.01,1.001
AMI,New York,1.098,1.082,0.958
AMI,New York,1.112,1.074,1.133
AMI,New York,1.014,0.975,1.001
AMI,New York,1.141,1.093,0.975
AMI,New York,1.158,1.146,1.036
AMI,New York,1.006,1.088,0.973
AMI,New York,1.002,1.002,0.972
AMI,New York,1.002,1.048,1.055
AMI,New York,1.209,1.162,1.008
AMI,New York,1.069,1.046,0.961
AMI,New York,1.073,1.081,1.091
AMI,New York,0.949,0.99,1.016
AMI,New York,1.017,1.096,1.001
AMI,New York,1.002,1.002,1.032
AMI,New York,1.249,1.002,1.059
AMI,New York,1.136,1.15,1.083
AMI,New York,1.1,1.091,1.003
AMI,New York,1.002,0.953,1.001
AMI,New York,1.357,1.179,1.001
AMI,New York,1.045,1.051,1.1
AMI,New York,0.969,1.003,1.001
AMI,New York,0.991,0.997,1.001
AMI,New York,1.046,0.984,1.034
AMI,New York,1.207,1.251,0.965
AMI,New York,1.038,1.046,1.103
AMI,New York,1.032,1.092,1.037
AMI,New York,1.048,1.039,1.001
AMI,New York,1.002,1.002,1.103
AMI,New York,0.962,0.925,0.914
AMI,New York,1.09,1.158,0.939
AMI,New York,0.966,1.063,1.001
AMI,New York,1.061,1.064,0.984
AMI,New York,1.011,1.006,0.951
AMI,New York,1.099,1.089,1.001
AMI,New York,0.993,0.983,1.054
AMI,New York,1.05,1.05,0.974
AMI,New York,1.155,1.061,1.096
AMI,New York,1.108,1.037,1.074
AMI,New York,1.108,1.021,1.143
AMI,New York,1.031,1.021,0.947
AMI,New York,1.129,1.051,1.06
AMI,New York,0.977,0.976,1.06
AMI,New York,1.024,0.982,1.001
AMI,New York,1.094,0.99,1.001
AMI,New York,0.986,0.991,0.952
AMI,New York,1.056,1.005,1.06
AMI,New York,1.056,1.046,1.001
AMI,New York,0.924,0.937,1.066
AMI,New York,1.032,1.004,1.001
AMI,New York,1.002,1.002,1.002
AMI,New York,0.977,0.95,0.888
AMI,New York,1.002,1.002,1.079
AMI,New York,1.167,0.995,1.001
AMI,New York,1.049,1.059,0.978
AMI,New York,1.002,1.002,1.001
AMI,New York,0.973,0.921,1.001
AMI,New York,1.074,0.982,1.001
AMI,Ohio,1.217,1.103,0.965
AMI,Ohio,0.912,0.889,1.033
AMI,Ohio,1.002,1.002,0.949
AMI,Ohio,0.838,0.846,1.089
AMI,Ohio,1.022,0.981,0.947
AMI,Ohio,0.952,0.969,1.171
AMI,Ohio,1.002,1.002,1.135
AMI,Ohio,1.002,1,1.076
AMI,Ohio,0.995,1.002,1.044
AMI,Ohio,1.118,1.029,1.108
AMI,Ohio,0.937,0.942,1.024
AMI,Ohio,1.013,1.057,1.065
AMI,Ohio,1.042,1.021,0.969
AMI,Ohio,0.901,1.002,0.986
AMI,Ohio,1.002,1.002,1.001
AMI,Ohio,0.924,0.955,1.082
AMI,Ohio,1.002,1.002,1.017
AMI,Ohio,0.99,0.984,0.987
AMI,Ohio,1.002,1.002,1.024
AMI,Ohio,0.942,0.897,1.083
AMI,Ohio,1.051,1.01,1.15
AMI,Ohio,0.955,0.996,1.055
AMI,Ohio,1.002,1.002,1.126
AMI,Ohio,1.073,1.019,1.015
AMI,Ohio,1.002,1.002,1.113
AMI,Ohio,0.987,1.051,1.065
AMI,Ohio,1.002,1.002,1.092
AMI,Ohio,0.955,1,1.118
AMI,Ohio,0.961,0.949,0.975
AMI,Ohio,1.001,1.008,1.028
AMI,Ohio,1.045,1.019,1.002
AMI,Ohio,1.055,1.039,0.986
AMI,Ohio,1.053,1.04,1.108
AMI,Ohio,1.002,1.002,1.013
AMI,Ohio,0.938,1.015,1.002
AMI,Ohio,0.973,0.996,0.979
AMI,Ohio,1.002,1.002,1.112
AMI,Ohio,0.969,0.935,1.107
AMI,Ohio,1.002,1.002,1.103
AMI,Ohio,0.976,0.988,1.051
AMI,Ohio,0.911,0.894,1.007
AMI,Oklahoma,1.002,1.002,0.955
AMI,Oklahoma,1.002,1.002,1.001
AMI,Oklahoma,1.002,1.002,1.085
AMI,Oklahoma,1.002,1.002,1.029
AMI,Oklahoma,1.19,1.176,1.047
AMI,Oklahoma,1.002,1.002,1.058
AMI,Oklahoma,1.008,1.055,0.978
AMI,Oklahoma,1.002,1.002,1.004
AMI,Oklahoma,1.002,1.002,1.07
AMI,Oklahoma,1.002,1.002,1.056
AMI,Oklahoma,1.002,1.002,1.059
AMI,Oklahoma,1.002,1.002,1.046
AMI,Oklahoma,0.992,1.029,1.054
AMI,Oklahoma,1.002,1.002,1.111
AMI,Oklahoma,1.002,1.002,1.035
AMI,Oklahoma,1.002,1.002,1.018
AMI,Oklahoma,1.15,1.132,0.961
AMI,Oklahoma,1.002,1.002,1.114
AMI,Oklahoma,1.013,1.001,1.151
AMI,Oklahoma,1.002,1.002,0.98
AMI,Oklahoma,1.002,1.002,1.081
AMI,Oklahoma,1.018,1.039,1.036
AMI,Oklahoma,0.969,0.892,1.023
AMI,Oklahoma,1.002,1.002,1.047
AMI,Oklahoma,1.111,1.04,0.97
AMI,Oklahoma,1.002,1.002,1.107
AMI,Oregon,0.99,1.08,1.022
AMI,Oregon,0.894,0.974,1.042
AMI,Oregon,1.002,0.91,1.001
AMI,Oregon,1.002,1.002,1.001
AMI,Oregon,1.002,0.96,0.983
AMI,Oregon,1.002,1.002,0.943
AMI,Oregon,1.002,1.002,1.019
AMI,Oregon,0.757,0.768,1.062
AMI,Oregon,1.086,1.057,0.972
AMI,Oregon,1.002,1.002,0.866
AMI,Oregon,0.875,0.919,1.062
AMI,Oregon,1.002,1.002,1.12
AMI,Oregon,0.941,1.036,0.973
AMI,Oregon,0.81,0.933,1.001
AMI,Oregon,0.994,0.966,1.013
AMI,Oregon,0.894,0.929,1.001
AMI,Oregon,1.002,1.002,1.001
AMI,Oregon,0.94,0.944,1.031
AMI,Pennsylvania,1.06,1.009,1.023
AMI,Pennsylvania,1.035,1.08,0.93
AMI,Pennsylvania,1.002,1.002,1.059
AMI,Pennsylvania,1.219,1.177,1.005
AMI,Pennsylvania,1.138,1.046,1.04
AMI,Pennsylvania,0.91,0.911,1.081
AMI,Pennsylvania,1.006,0.92,1.017
AMI,Pennsylvania,1.092,1.144,1.025
AMI,Pennsylvania,0.926,0.956,1.001
AMI,Pennsylvania,1.092,1.061,0.997
AMI,Pennsylvania,1.041,1.039,1.065
AMI,Pennsylvania,1.227,1.12,1.151
AMI,Pennsylvania,1.065,1.104,1.088
AMI,Pennsylvania,0.933,0.972,1.007
AMI,Pennsylvania,1.055,1.119,1.037
AMI,Pennsylvania,1.043,1.07,1.221
AMI,Pennsylvania,1.002,1.002,0.984
AMI,Pennsylvania,1.111,1.002,1.001
AMI,Pennsylvania,1.002,1.002,1.085
AMI,Pennsylvania,1.002,1.002,1.001
AMI,Pennsylvania,1.027,1.036,1.009
AMI,Pennsylvania,1.068,0.988,1.093
AMI,Pennsylvania,0.982,0.972,1.003
AMI,Pennsylvania,1.002,1.002,0.997
AMI,Pennsylvania,1.002,1.002,1.086
AMI,Pennsylvania,0.968,1.019,1.048
AMI,Pennsylvania,0.958,0.938,1.213
AMI,Pennsylvania,0.991,0.991,1.067
AMI,Pennsylvania,1.044,1.009,1.178
AMI,Pennsylvania,0.935,0.891,0.945
AMI,Pennsylvania,0.93,0.997,0.991
AMI,Pennsylvania,1.089,1.123,1.001
AMI,Pennsylvania,0.923,1.027,1.07
AMI,Pennsylvania,1.09,1.087,1.045
AMI,Pennsylvania,0.897,0.868,1.016
AMI,Pennsylvania,0.951,0.98,1.115
AMI,Pennsylvania,1.001,1.074,1.001
AMI,Pennsylvania,1.129,1.15,1.001
AMI,Pennsylvania,0.948,1.069,0.993
AMI,Pennsylvania,0.892,0.945,1.001
AMI,Pennsylvania,0.876,0.919,1.017
AMI,Pennsylvania,1.002,1.01,0.971
AMI,Pennsylvania,0.938,1.091,0.969
AMI,Pennsylvania,1.002,1.002,0.993
AMI,Pennsylvania,1.002,1.002,1.088
AMI,Pennsylvania,0.865,0.889,1.004
AMI,Pennsylvania,0.956,1.032,1.088
AMI,Pennsylvania,1.004,1.019,1.061
AMI,Pennsylvania,1.002,1.002,0.987
AMI,Pennsylvania,1.112,0.996,1.108
AMI,Pennsylvania,0.957,1.064,0.961
AMI,Pennsylvania,0.989,0.981,1.07
AMI,Pennsylvania,1.002,1.002,1.052
AMI,Pennsylvania,0.904,0.959,0.979
AMI,Pennsylvania,0.919,0.929,1.072
AMI,Pennsylvania,0.83,0.857,1.047
AMI,Pennsylvania,1.016,1.039,0.944
AMI,Pennsylvania,1.002,0.954,0.988
AMI,Pennsylvania,1.031,1.045,1.056
AMI,Pennsylvania,0.792,0.837,1.001
AMI,Pennsylvania,0.879,0.93,0.94
AMI,Pennsylvania,1.058,0.943,1.067
AMI,Rhode Island,1.071,1.044,1.001
AMI,Rhode Island,0.95,0.936,1.053
AMI,Rhode Island,0.966,0.987,1.004
AMI,South Carolina,1.043,1.028,0.927
AMI,South Carolina,1.106,1.094,1.001
AMI,South Carolina,1.007,0.97,1.124
AMI,South Carolina,1.052,1.073,1.031
AMI,South Carolina,0.953,1.024,1.001
AMI,South Carolina,1.002,1.002,0.892
AMI,South Carolina,1.002,1.002,1.001
AMI,South Carolina,1.002,1.002,1.001
AMI,South Carolina,1.153,1.195,1.121
AMI,South Carolina,1.002,1.002,1.009
AMI,South Carolina,0.956,0.916,0.937
AMI,South Carolina,1.103,1.116,1.015
AMI,South Carolina,0.942,0.989,0.99
AMI,South Carolina,1.002,1.002,1.001
AMI,South Carolina,0.964,0.987,0.978
AMI,South Carolina,0.925,0.967,1.007
AMI,South Carolina,0.951,1.002,1.108
AMI,South Carolina,0.948,0.982,1.012
AMI,South Carolina,1.002,1.007,1.056
AMI,South Carolina,0.98,0.993,0.951
AMI,South Carolina,1.002,1.002,1.001
AMI,South Carolina,1.002,1.002,1.032
AMI,South Dakota,0.925,0.907,1.1
AMI,South Dakota,0.826,0.792,1.014
AMI,South Dakota,0.957,1.003,1.085
AMI,South Dakota,0.953,0.938,1.014
AMI,South Dakota,0.897,0.942,1.001
AMI,South Dakota,1.002,1.002,0.993
AMI,South Dakota,0.966,0.972,1.096
AMI,Tennesse,1.002,1.05,0.973
AMI,Tennesse,1.002,1.002,0.996
AMI,Tennesse,1.002,1.002,1.093
AMI,Tennesse,1.002,1.002,1.054
AMI,Tennesse,1.083,1.055,1.008
AMI,Tennesse,0.984,1.034,0.961
AMI,Tennesse,1.002,1.002,1.14
AMI,Tennesse,1.002,1.002,0.967
AMI,Tennesse,0.953,0.973,0.956
AMI,Tennesse,1.15,1.034,1.054
AMI,Tennesse,1.18,1.113,1.077
AMI,Tennesse,0.956,1.003,1.004
AMI,Tennesse,1.016,1.005,0.931
AMI,Tennesse,1.002,1.002,0.994
AMI,Tennesse,1.002,1.002,1.114
AMI,Tennesse,0.919,0.94,1.044
AMI,Tennesse,1.037,1.028,1.06
AMI,Tennesse,0.875,0.907,0.958
AMI,Tennesse,1.002,1.002,0.971
AMI,Tennesse,1.044,1.021,0.989
AMI,Tennesse,1.036,0.988,1.001
AMI,Tennesse,0.933,0.925,1.001
AMI,Tennesse,1.002,1.002,0.987
AMI,Tennesse,0.933,0.97,1.171
AMI,Tennesse,0.928,1.034,1.182
AMI,Tennesse,0.999,1.006,0.995
AMI,Tennesse,1.002,1.002,1.034
AMI,Tennesse,1.019,1.026,0.96
AMI,Tennesse,1.002,1.002,1.091
AMI,Tennesse,0.905,0.863,1.115
AMI,Tennesse,1.002,1.002,1.034
AMI,Tennesse,1.046,1.02,0.974
AMI,Tennesse,0.973,1.055,1.065
AMI,Tennesse,0.973,1.016,1.167
AMI,Tennesse,1.002,1.002,0.999
AMI,Tennesse,0.96,1.03,1.147
AMI,Tennesse,0.842,0.874,0.977
AMI,Tennesse,1.002,1.002,1.025
AMI,Tennesse,1.002,1.002,1.121
AMI,Tennesse,1.002,1.002,0.97
AMI,Texas,1.159,1.03,1.037
AMI,Texas,1.025,1.085,0.998
AMI,Texas,1.002,1.002,1.012
AMI,Texas,1.002,1.002,1.001
AMI,Texas,0.977,0.975,0.98
AMI,Texas,1.02,1.064,1.019
AMI,Texas,1.105,0.984,0.924
AMI,Texas,0.995,1.002,1.045
AMI,Texas,1.002,1.002,1.106
AMI,Texas,0.933,0.968,0.999
AMI,Texas,1.144,1.155,1.028
AMI,Texas,1.103,1.072,1.001
AMI,Texas,1.074,1.082,0.893
AMI,Texas,1.03,0.999,1.001
AMI,Texas,1.062,1.03,0.999
AMI,Texas,1.019,0.962,1.019
AMI,Texas,1.137,1.153,0.983
AMI,Texas,1.002,1.002,1.143
AMI,Texas,0.95,0.935,1.152
AMI,Texas,1.025,0.958,1.066
AMI,Texas,1.008,1.017,0.99
AMI,Texas,1.051,1.05,1.002
AMI,Texas,1.109,1.056,1.001
AMI,Texas,1.002,1.002,1.022
AMI,Texas,1.002,1.002,1.075
AMI,Texas,1.002,1.002,0.918
AMI,Texas,0.981,0.995,1.084
AMI,Texas,1.036,1.055,1.077
AMI,Texas,1.002,1.002,1.191
AMI,Texas,1.002,1.002,0.971
AMI,Texas,0.996,0.973,1.034
AMI,Texas,1.002,1.002,1.013
AMI,Texas,1.002,1.002,0.908
AMI,Texas,1.002,1.002,1.059
AMI,Texas,1.07,1.034,0.974
AMI,Texas,1.002,1.002,0.955
AMI,Texas,0.941,0.98,1.078
AMI,Texas,1.011,0.964,1.12
AMI,Texas,1.036,1.002,1.088
AMI,Texas,1.002,1.002,0.984
AMI,Texas,1.068,1.004,1.029
AMI,Texas,0.844,0.929,0.958
AMI,Texas,0.964,0.975,0.922
AMI,Texas,1.063,1.087,1.036
AMI,Texas,1.039,1.053,0.993
AMI,Texas,0.979,1.033,0.987
AMI,Texas,1.002,1.002,1.125
AMI,Texas,0.841,0.968,1.03
AMI,Texas,0.83,0.944,0.939
AMI,Texas,1.002,1.002,1.031
AMI,Texas,1.002,1.002,1.071
AMI,Texas,1.016,0.953,1.002
AMI,Texas,1.002,1.002,1.182
AMI,Texas,0.998,0.945,1.001
AMI,Texas,1.053,1.019,1.016
AMI,Texas,1.076,1.071,0.983
AMI,Texas,0.94,0.932,1.005
AMI,Texas,1.002,1.002,1.022
AMI,Texas,1.024,0.988,0.967
AMI,Texas,1.002,1.002,1.001
AMI,Texas,1.032,1.002,1.008
AMI,Texas,1.002,1.002,1.158
AMI,Texas,1.002,1.002,1.089
AMI,Texas,1.037,0.984,0.949
AMI,Texas,1.002,1.002,1.004
AMI,Texas,1.006,1.012,1.001
AMI,Texas,0.923,0.949,1.03
AMI,Texas,0.943,0.981,0.987
AMI,Texas,1.038,1.071,1.017
AMI,Texas,1.002,1.002,1.019
AMI,Texas,1.115,1.043,0.978
AMI,Texas,1.043,1.025,1.033
AMI,Texas,1.002,1.002,1.104
AMI,Texas,1.091,1.001,1.133
AMI,Texas,1.049,1.021,1.062
AMI,Texas,1.089,1.058,1.004
AMI,Texas,0.987,0.969,1.055
AMI,Texas,1.002,1.002,1.08
AMI,Texas,1.002,1.002,0.957
AMI,Texas,0.964,0.97,1.021
AMI,Texas,0.974,0.988,1.067
AMI,Texas,0.935,1.002,1.065
AMI,Texas,1.002,1.002,0.984
AMI,Texas,1.002,1.002,1.053
AMI,Texas,0.954,0.976,1.026
AMI,Texas,1.002,1.002,1.005
AMI,Texas,1.049,1.007,1.009
AMI,Texas,1.002,1.002,1.119
AMI,Texas,1.041,1.002,0.972
AMI,Texas,0.828,0.881,0.938
AMI,Texas,0.962,0.926,1.014
AMI,Texas,1.1,1.126,0.991
AMI,Texas,1.002,1.002,1.102
AMI,Texas,1.002,1.002,0.947
AMI,Texas,1.01,0.948,1.001
AMI,Texas,1.002,1.002,1.03
AMI,Texas,1.081,1.007,1.064
AMI,Texas,1.002,1.002,1.055
AMI,Texas,1.002,1.002,1.071
AMI,Texas,1.002,1.002,0.982
AMI,Texas,0.974,0.973,1.05
AMI,Texas,1.002,1.002,1.012
AMI,Texas,0.994,0.939,0.947
AMI,Texas,1.054,1.008,0.997
AMI,Texas,1.002,1.002,1.028
AMI,Texas,0.962,0.98,1.06
AMI,Texas,0.97,0.974,0.976
AMI,Texas,1.002,1.002,1.002
AMI,Texas,0.995,0.993,1.033
AMI,Texas,1.052,1.006,1.013
AMI,Texas,1.016,0.902,1.178
AMI,Texas,1.002,1.002,1.071
AMI,Texas,0.948,0.979,1.001
AMI,Texas,1.058,1.051,1.02
AMI,Texas,0.914,0.887,1.001
AMI,Texas,1.002,1.002,0.975
AMI,Texas,0.852,0.859,0.988
AMI,Texas,0.91,0.987,1.028
AMI,Texas,1.002,1.002,1.092
AMI,Texas,1.052,1.041,1.001
AMI,Texas,1.002,0.952,1.162
AMI,Texas,0.976,1.009,0.943
AMI,Texas,1.015,1.043,1.001
AMI,Texas,0.998,0.932,0.999
AMI,Texas,1.004,1.088,1.001
AMI,Texas,1.002,1.002,1.075
AMI,Texas,1.036,0.988,1.132
AMI,Texas,1.002,1.002,1.18
AMI,Texas,0.998,1.02,1.068
AMI,Texas,1.002,1.002,1.076
AMI,Texas,1,1.039,1.047
AMI,Texas,1.002,1.002,1.102
AMI,Texas,1.002,1.002,1.004
AMI,Texas,1.029,0.966,0.977
AMI,Texas,0.997,1.049,0.969
AMI,Texas,1.002,0.989,1.001
AMI,Texas,1.123,1.097,0.984
AMI,Texas,0.959,1.01,1.076
AMI,Texas,0.883,0.87,1.057
AMI,Texas,0.81,0.841,1.001
AMI,Utah,1.002,1.002,1.158
AMI,Utah,0.984,1.019,0.99
AMI,Utah,1.002,1.002,1.166
AMI,Utah,1.002,1.002,1.001
AMI,Utah,0.974,0.961,0.967
AMI,Utah,1.002,1.002,1.023
AMI,Utah,1.002,1.002,1.098
AMI,Utah,1.002,1.002,1.076
AMI,Utah,1.002,1.002,1.038
AMI,Utah,1.002,1.002,1.066
AMI,Utah,1.002,1.002,0.961
AMI,Utah,0.748,0.847,1.054
AMI,Utah,1.002,1.002,0.979
AMI,Utah,0.995,0.978,1.03
AMI,Utah,0.858,0.91,1.013
AMI,Utah,1.002,1.002,1.111
AMI,Utah,1.002,1.002,1.018
AMI,Virginia,1.088,1.043,1.055
AMI,Virginia,1.002,1.002,0.949
AMI,Virginia,1.077,1,1.011
AMI,Virginia,1.131,1.126,1.11
AMI,Virginia,0.915,1.051,1.004
AMI,Virginia,1.064,1.03,1.001
AMI,Virginia,1.002,1.002,1.013
AMI,Virginia,1.054,0.971,1.001
AMI,Virginia,0.991,1.087,0.988
AMI,Virginia,0.964,1.009,1.037
AMI,Virginia,1.14,1.078,1.019
AMI,Virginia,0.93,0.996,1.001
AMI,Virginia,1.002,1.002,0.989
AMI,Virginia,1.002,1.078,1.01
AMI,Virginia,0.929,0.933,1.001
AMI,Virginia,1.045,1.063,1.018
AMI,Virginia,0.965,0.963,1.001
AMI,Virginia,0.98,0.97,1.001
AMI,Virginia,0.908,0.852,0.961
AMI,Virginia,1.049,0.991,1.001
AMI,Virginia,0.973,0.89,1.057
AMI,Virginia,1.002,1.002,0.986
AMI,Virginia,0.995,1.118,0.989
AMI,Virginia,1.029,0.916,0.983
AMI,Virginia,1.032,1.002,0.961
AMI,Virginia,0.87,0.883,1.015
AMI,Virginia,0.935,0.87,1.07
AMI,Virginia,1.123,1.142,0.993
AMI,Virginia,0.937,0.932,1.001
AMI,Virginia,0.901,0.873,1.073
AMI,Virginia,1.073,0.97,1.238
AMI,Virginia,0.964,0.918,0.997
AMI,Virginia,0.92,0.937,1.033
AMI,Virginia,0.895,0.924,1.152
AMI,Virginia,0.915,1.002,1.006
AMI,Virginia,0.957,1.013,1.001
AMI,Vermont,1.002,1.002,1.083
AMI,Vermont,0.983,0.978,1.001
AMI,Washington,1.003,1.018,1.01
AMI,Washington,0.952,0.981,0.918
AMI,Washington,1.029,1.089,1.028
AMI,Washington,0.985,0.948,0.97
AMI,Washington,0.978,0.994,0.96
AMI,Washington,0.915,0.917,0.964
AMI,Washington,1.002,1.002,0.934
AMI,Washington,1.002,1.002,1.033
AMI,Washington,0.708,0.666,1.079
AMI,Washington,0.841,0.868,0.981
AMI,Washington,1.126,1.072,1.04
AMI,Washington,1.002,1.002,1.096
AMI,Washington,0.882,0.963,1.085
AMI,Washington,0.972,0.919,1.057
AMI,Washington,0.977,0.963,0.971
AMI,Washington,1.009,1.032,0.993
AMI,Washington,0.958,0.971,0.986
AMI,Washington,1.041,0.997,0.969
AMI,Washington,0.846,0.912,1.074
AMI,Washington,0.792,0.799,0.939
AMI,Washington,0.801,0.768,1.001
AMI,Wisconsin,0.894,0.896,1.001
AMI,Wisconsin,0.977,1.026,1.087
AMI,Wisconsin,0.797,0.783,1.123
AMI,West Virginia,1.249,1.278,0.991
AMI,West Virginia,1.015,1.002,1.063
AMI,West Virginia,1.052,1.073,1.051
AMI,West Virginia,1.002,1.002,1.034
AMI,West Virginia,1.002,1.002,1
AMI,West Virginia,0.916,0.909,0.888
AMI,West Virginia,0.883,0.993,0.947
AMI,West Virginia,1.094,1.018,0.99
AMI,West Virginia,0.976,0.929,1.009
AMI,West Virginia,0.927,1.002,1.022
AMI,West Virginia,1.002,1.002,0.953
AMI,West Virginia,0.986,1.027,1.001
AMI,West Virginia,1.025,1.03,0.977
AMI,West Virginia,1.008,1.003,0.951
AMI,West Virginia,0.941,0.962,1.051
AMI,Wyoming,1.002,1.002,1.003
AMI,Wyoming,1.002,1.002,1.001
AMI,Wyoming,0.933,1.011,0.958
AMI,Wyoming,0.919,0.887,1.022
AMI,Wyoming,1.002,1.002,1.059
AMI,Wyoming,1.002,1.002,1.074
