'Alabama',ABDOMEN_2013,16.32,ABDOMEN_2014,3.46,ABDOMEN_2015,5.772
'Alabama',BRAIN_CT_2013,13.832,BRAIN_CT_2014,3.444,BRAIN_2015,5.056
'Alabama',CARDIAC_2013,14.152,CARDIAC_2014,3.318,CARDIAC_2015,4.728
'Alabama',CHEST_CT_2013,8.48,CHEST_CT_2014,6.224,CHEST_CT_2015,40.596
'Alabama',LOW_BACK_2013,7.952,LOW_BACK_2014,5.145,MAMMO_2015,37.336
'Alabama',MAMMO_2013,7.844,MAMMO_2014,6.192,ABDOMEN_2015,0.35
'Alaska',ABDOMEN_2013,6.05,ABDOMEN_2014,2.25,BRAIN_2015,0.4
'Alaska',BRAIN_CT_2013,6.4,BRAIN_CT_2014,2.3,CARDIAC_2015,0.35
'Alaska',CARDIAC_2013,5.65,CARDIAC_2014,2.175,CHEST_CT_2015,41.5
'Alaska',CHEST_CT_2013,10.25,CHEST_CT_2014,6.15,MAMMO_2015,35.15
'Alaska',LOW_BACK_2013,9.2,LOW_BACK_2014,2.35,ABDOMEN_2015,5.513333333
'Alaska',MAMMO_2013,10.55,MAMMO_2014,5.4,BRAIN_2015,4.22
'Arizona',ABDOMEN_2013,11.68666667,ABDOMEN_2014,2.813333333,CARDIAC_2015,4.606666667
'Arizona',BRAIN_CT_2013,9.86,BRAIN_CT_2014,2.853333333,CHEST_CT_2015,37.14
'Arizona',CARDIAC_2013,9.593333333,CARDIAC_2014,3.06,MAMMO_2015,37.02
'Arizona',CHEST_CT_2013,10.06666667,CHEST_CT_2014,4.3,ABDOMEN_2015,4.927272727
'Arizona',LOW_BACK_2013,8.92,LOW_BACK_2014,5.206666667,BRAIN_2015,5.254545455
'Arizona',MAMMO_2013,8.66,MAMMO_2014,5.666666667,CARDIAC_2015,5.2
'Arkansas',ABDOMEN_2013,13.91818182,ABDOMEN_2014,2.3,CHEST_CT_2015,45.62727273
'Arkansas',BRAIN_CT_2013,13.15454545,BRAIN_CT_2014,2.172727273,MAMMO_2015,41.94545455
'Arkansas',CARDIAC_2013,12.26363636,CARDIAC_2014,2.35,ABDOMEN_2015,4.181818182
'Arkansas',CHEST_CT_2013,9.209090909,CHEST_CT_2014,5.154545455,BRAIN_2015,2.809090909
'Arkansas',LOW_BACK_2013,9.836363636,LOW_BACK_2014,5.175,CARDIAC_2015,2.528787879
'Arkansas',MAMMO_2013,9.509090909,MAMMO_2014,4.572727273,CHEST_CT_2015,35.34393939
'California',ABDOMEN_2013,13.93787879,ABDOMEN_2014,2.025757576,MAMMO_2015,33.68636364
'California',BRAIN_CT_2013,11.70909091,BRAIN_CT_2014,2.125757576,ABDOMEN_2015,5.729411765
'California',CARDIAC_2013,10.57121212,CARDIAC_2014,2.121969697,BRAIN_2015,4.223529412
'California',CHEST_CT_2013,8.978787879,CHEST_CT_2014,5.331818182,CARDIAC_2015,3.394117647
'California',LOW_BACK_2013,8.118181818,LOW_BACK_2014,4.139772727,CHEST_CT_2015,40.75882353
'California',MAMMO_2013,8.398484848,MAMMO_2014,5.18030303,MAMMO_2015,41.55294118
'Colorado',ABDOMEN_2013,10.94705882,ABDOMEN_2014,2.023529412,ABDOMEN_2015,0.428571429
'Colorado',BRAIN_CT_2013,10.20588235,BRAIN_CT_2014,1.935294118,BRAIN_2015,0.35
'Colorado',CARDIAC_2013,8.623529412,CARDIAC_2014,1.967647059,CARDIAC_2015,0.15
'Colorado',CHEST_CT_2013,9.523529412,CHEST_CT_2014,4.170588235,CHEST_CT_2015,33.68571429
'Colorado',LOW_BACK_2013,8.147058824,LOW_BACK_2014,4.127941176,MAMMO_2015,35.2
'Colorado',MAMMO_2013,8.794117647,MAMMO_2014,4.1,ABDOMEN_2015,1.8
'Connecticut',ABDOMEN_2013,7.457142857,ABDOMEN_2014,1.871428571,BRAIN_2015,0
'Connecticut',BRAIN_CT_2013,3.685714286,BRAIN_CT_2014,1.821428571,CARDIAC_2015,0.4
'Connecticut',CARDIAC_2013,3.6,CARDIAC_2014,2.271428571,CHEST_CT_2015,37.2
'Connecticut',CHEST_CT_2013,15.5,CHEST_CT_2014,5.464285714,MAMMO_2015,47.2
'Connecticut',LOW_BACK_2013,18.97142857,LOW_BACK_2014,4.705357143,ABDOMEN_2015,0.45
'Connecticut',MAMMO_2013,18.36428571,MAMMO_2014,4.928571429,BRAIN_2015,0.8
'Delaware',ABDOMEN_2013,3.1,ABDOMEN_2014,3,CARDIAC_2015,0.725
'Delaware',BRAIN_CT_2013,3.4,BRAIN_CT_2014,3.8,CHEST_CT_2015,34.475
'Delaware',CARDIAC_2013,4.2,CARDIAC_2014,3.2,MAMMO_2015,37.675
'Delaware',CHEST_CT_2013,9.2,CHEST_CT_2014,4.5,ABDOMEN_2015,5.067924528
'Delaware',LOW_BACK_2013,11,LOW_BACK_2014,4.2,BRAIN_2015,4.135849057
'Delaware',MAMMO_2013,8.6,MAMMO_2014,4.3,CARDIAC_2015,3.437735849
'District of Columbia',ABDOMEN_2013,3.475,ABDOMEN_2014,3.075,CHEST_CT_2015,35.81320755
'District of Columbia',BRAIN_CT_2013,4.5,BRAIN_CT_2014,3.725,MAMMO_2015,35.61698113
'District of Columbia',CARDIAC_2013,3.1,CARDIAC_2014,4.5375,ABDOMEN_2015,6.233333333
'District of Columbia',CHEST_CT_2013,8.525,CHEST_CT_2014,7.1,BRAIN_2015,5.451515152
'District of Columbia',LOW_BACK_2013,10.425,LOW_BACK_2014,7.49375,CARDIAC_2015,4.55625
'District of Columbia',MAMMO_2013,8.425,MAMMO_2014,6.5,CHEST_CT_2015,37.16363636
'Florida',ABDOMEN_2013,13.43584906,ABDOMEN_2014,3.424528302,MAMMO_2015,35.82727273
'Florida',BRAIN_CT_2013,11.80943396,BRAIN_CT_2014,3.39245283,ABDOMEN_2015,0.625
'Florida',CARDIAC_2013,10.7754717,CARDIAC_2014,3.496226415,BRAIN_2015,0.45
'Florida',CHEST_CT_2013,11.19622642,CHEST_CT_2014,6.745283019,CARDIAC_2015,0.35
'Florida',LOW_BACK_2013,10.60754717,LOW_BACK_2014,6.014622642,CHEST_CT_2015,36.2
'Florida',MAMMO_2013,10.79622642,MAMMO_2014,5.930188679,MAMMO_2015,34.05
'Georgia',ABDOMEN_2013,11.71818182,ABDOMEN_2014,2.127272727,ABDOMEN_2015,2.575
'Georgia',BRAIN_CT_2013,11.06666667,BRAIN_CT_2014,2.263636364,BRAIN_2015,1.05
'Georgia',CARDIAC_2013,9.56875,CARDIAC_2014,2.35,CARDIAC_2015,2.45
'Georgia',CHEST_CT_2013,9.087878788,CHEST_CT_2014,5.524242424,CHEST_CT_2015,39.15
'Georgia',LOW_BACK_2013,8.95,LOW_BACK_2014,5.659375,MAMMO_2015,37.35
'Georgia',MAMMO_2013,9.212121212,MAMMO_2014,5.563636364,ABDOMEN_2015,5.108
'Hawaii',ABDOMEN_2013,5.275,ABDOMEN_2014,1.6,BRAIN_2015,4.174
'Hawaii',BRAIN_CT_2013,5.5,BRAIN_CT_2014,1.95,CARDIAC_2015,3.386
'Hawaii',CARDIAC_2013,6.25,CARDIAC_2014,1.575,CHEST_CT_2015,36.91
'Hawaii',CHEST_CT_2013,7.8,CHEST_CT_2014,4.325,MAMMO_2015,36.326
'Hawaii',LOW_BACK_2013,7.675,LOW_BACK_2014,3.825,ABDOMEN_2015,8.229166667
'Hawaii',MAMMO_2013,7.575,MAMMO_2014,4.2,BRAIN_2015,3.575
'Idaho',ABDOMEN_2013,6.725,ABDOMEN_2014,1.5,CARDIAC_2015,3.441666667
'Idaho',BRAIN_CT_2013,5.95,BRAIN_CT_2014,1.7,CHEST_CT_2015,36.95416667
'Idaho',CARDIAC_2013,5.575,CARDIAC_2014,1.6125,MAMMO_2015,35.27083333
'Idaho',CHEST_CT_2013,7.3,CHEST_CT_2014,5.175,ABDOMEN_2015,4.38
'Idaho',LOW_BACK_2013,6.7,LOW_BACK_2014,3.275,BRAIN_2015,1.36
'Idaho',MAMMO_2013,7.525,MAMMO_2014,4.675,CARDIAC_2015,2.42
'Illinois',ABDOMEN_2013,11.492,ABDOMEN_2014,2.502,CHEST_CT_2015,32.84
'Illinois',BRAIN_CT_2013,8.054,BRAIN_CT_2014,2.502,MAMMO_2015,42.14
'Illinois',CARDIAC_2013,7.534,CARDIAC_2014,2.50625,ABDOMEN_2015,4.153333333
'Illinois',CHEST_CT_2013,9.102,CHEST_CT_2014,5.772,BRAIN_2015,3.68
'Illinois',LOW_BACK_2013,8.772,LOW_BACK_2014,4.85,CARDIAC_2015,2.446666667
'Illinois',MAMMO_2013,9.192,MAMMO_2014,5.792,CHEST_CT_2015,40.66666667
'Indiana',ABDOMEN_2013,11.89583333,ABDOMEN_2014,2.775,MAMMO_2015,42.10666667
'Indiana',BRAIN_CT_2013,8.45,BRAIN_CT_2014,2.6375,ABDOMEN_2015,5.434615385
'Indiana',CARDIAC_2013,7.558333333,CARDIAC_2014,2.627083333,BRAIN_2015,4.576923077
'Indiana',CHEST_CT_2013,8.516666667,CHEST_CT_2014,5.416666667,CARDIAC_2015,4.538461538
'Indiana',LOW_BACK_2013,8.9125,LOW_BACK_2014,5.155208333,CHEST_CT_2015,39.62692308
'Indiana',MAMMO_2013,8.966666667,MAMMO_2014,5.4125,MAMMO_2015,39.90769231
'Iowa',ABDOMEN_2013,29.06,ABDOMEN_2014,2.36,ABDOMEN_2015,8.611764706
'Iowa',BRAIN_CT_2013,25.2,BRAIN_CT_2014,2.5,BRAIN_2015,8.605882353
'Iowa',CARDIAC_2013,23.9,CARDIAC_2014,1.94,CARDIAC_2015,7.764705882
'Iowa',CHEST_CT_2013,7.56,CHEST_CT_2014,3.64,CHEST_CT_2015,40.42352941
'Iowa',LOW_BACK_2013,7.48,LOW_BACK_2014,4.475,MAMMO_2015,38.77058824
'Iowa',MAMMO_2013,8.08,MAMMO_2014,2.68,ABDOMEN_2015,0.25
'Kansas',ABDOMEN_2013,21.13333333,ABDOMEN_2014,2.946666667,BRAIN_2015,1
'Kansas',BRAIN_CT_2013,19.02666667,BRAIN_CT_2014,3.093333333,CARDIAC_2015,0.78
'Kansas',CARDIAC_2013,17.8,CARDIAC_2014,2.776666667,CHEST_CT_2015,35.62
'Kansas',CHEST_CT_2013,9.28,CHEST_CT_2014,4.66,MAMMO_2015,38.08
'Kansas',LOW_BACK_2013,8.42,LOW_BACK_2014,4.233333333,ABDOMEN_2015,1.146153846
'Kansas',MAMMO_2013,8.826666667,MAMMO_2014,4.16,BRAIN_2015,1.153846154
'Kentucky',ABDOMEN_2013,14.07692308,ABDOMEN_2014,3.588461538,CARDIAC_2015,1.107692308
'Kentucky',BRAIN_CT_2013,13.20769231,BRAIN_CT_2014,3.484615385,CHEST_CT_2015,38.93076923
'Kentucky',CARDIAC_2013,11.31538462,CARDIAC_2014,3.215384615,MAMMO_2015,36.33846154
'Kentucky',CHEST_CT_2013,8.669230769,CHEST_CT_2014,5.957692308,ABDOMEN_2015,0.626923077
'Kentucky',LOW_BACK_2013,8.519230769,LOW_BACK_2014,4.733653846,BRAIN_2015,0.438461538
'Kentucky',MAMMO_2013,8.869230769,MAMMO_2014,5.330769231,CARDIAC_2015,0.334615385
'Louisiana',ABDOMEN_2013,28.71764706,ABDOMEN_2014,2.688235294,CHEST_CT_2015,37.28461538
'Louisiana',BRAIN_CT_2013,27.81176471,BRAIN_CT_2014,2.388235294,MAMMO_2015,34.95
'Louisiana',CARDIAC_2013,25.54117647,CARDIAC_2014,2.417647059,ABDOMEN_2015,5.028571429
'Louisiana',CHEST_CT_2013,8.017647059,CHEST_CT_2014,5.788235294,BRAIN_2015,4.19047619
'Louisiana',LOW_BACK_2013,9.082352941,LOW_BACK_2014,4.702941176,CARDIAC_2015,3.814285714
'Louisiana',MAMMO_2013,9.694117647,MAMMO_2014,5.641176471,CHEST_CT_2015,36.93809524
'Maine',ABDOMEN_2013,9.51,ABDOMEN_2014,1.59,MAMMO_2015,36.32857143
'Maine',BRAIN_CT_2013,7.88,BRAIN_CT_2014,1.98,ABDOMEN_2015,3.3
'Maine',CARDIAC_2013,6.46,CARDIAC_2014,1.325,BRAIN_2015,2.308333333
'Maine',CHEST_CT_2013,7.25,CHEST_CT_2014,5.46,CARDIAC_2015,0.6
'Maine',LOW_BACK_2013,9.23,LOW_BACK_2014,3.97,CHEST_CT_2015,40.31666667
'Maine',MAMMO_2013,7.71,MAMMO_2014,4.9,MAMMO_2015,54.84166667
'Maryland',ABDOMEN_2013,3.961538462,ABDOMEN_2014,4.723076923,ABDOMEN_2015,9.325
'Maryland',BRAIN_CT_2013,4.069230769,BRAIN_CT_2014,4.376923077,BRAIN_2015,9.9125
'Maryland',CARDIAC_2013,3.969230769,CARDIAC_2014,4.853846154,CARDIAC_2015,7.6625
'Maryland',CHEST_CT_2013,9.976923077,CHEST_CT_2014,6.061538462,CHEST_CT_2015,38.7625
'Maryland',LOW_BACK_2013,8.992307692,LOW_BACK_2014,5.682692308,MAMMO_2015,40.3125
'Maryland',MAMMO_2013,9.876923077,MAMMO_2014,5.8,ABDOMEN_2015,6.844
'Massachusetts',ABDOMEN_2013,6.803846154,ABDOMEN_2014,2.096153846,BRAIN_2015,4.148
'Massachusetts',BRAIN_CT_2013,5.95,BRAIN_CT_2014,2.038461538,CARDIAC_2015,3.024
'Massachusetts',CARDIAC_2013,6.065384615,CARDIAC_2014,2.113461538,CHEST_CT_2015,41.168
'Massachusetts',CHEST_CT_2013,9.292307692,CHEST_CT_2014,5.157692308,MAMMO_2015,41.5
'Massachusetts',LOW_BACK_2013,8.492307692,LOW_BACK_2014,5.317307692,ABDOMEN_2015,0.1
'Massachusetts',MAMMO_2013,8.35,MAMMO_2014,5.446153846,BRAIN_2015,0.2
'Michigan',ABDOMEN_2013,12.40952381,ABDOMEN_2014,2.214285714,CARDIAC_2015,0.2
'Michigan',BRAIN_CT_2013,10.08095238,BRAIN_CT_2014,2.228571429,CHEST_CT_2015,37.7
'Michigan',CARDIAC_2013,9.266666667,CARDIAC_2014,2.254761905,MAMMO_2015,37.3
'Michigan',CHEST_CT_2013,8.423809524,CHEST_CT_2014,6.1,ABDOMEN_2015,2.18
'Michigan',LOW_BACK_2013,8.438095238,LOW_BACK_2014,4.846428571,BRAIN_2015,0.3
'Michigan',MAMMO_2013,8.361904762,MAMMO_2014,5.576190476,CARDIAC_2015,0.16
'Minnesota',ABDOMEN_2013,4.008333333,ABDOMEN_2014,3.025,CHEST_CT_2015,33.4
'Minnesota',BRAIN_CT_2013,3.65,BRAIN_CT_2014,2.5,MAMMO_2015,37.8
'Minnesota',CARDIAC_2013,3.141666667,CARDIAC_2014,2.141666667,ABDOMEN_2015,4.725
'Minnesota',CHEST_CT_2013,6.291666667,CHEST_CT_2014,3.991666667,BRAIN_2015,3.6
'Minnesota',LOW_BACK_2013,5.675,LOW_BACK_2014,4.783333333,CARDIAC_2015,3.7
'Minnesota',MAMMO_2013,5.841666667,MAMMO_2014,5.175,CHEST_CT_2015,35.6
'Mississippi',ABDOMEN_2013,18.3,ABDOMEN_2014,4.575,MAMMO_2015,35.9
'Mississippi',BRAIN_CT_2013,15.825,BRAIN_CT_2014,3.5375,ABDOMEN_2015,0.244444444
'Mississippi',CARDIAC_2013,10.5125,CARDIAC_2014,3.3625,BRAIN_2015,0.055555556
'Mississippi',CHEST_CT_2013,10.6,CHEST_CT_2014,5.7125,CARDIAC_2015,0.222222222
'Mississippi',LOW_BACK_2013,11.15,LOW_BACK_2014,3.55,CHEST_CT_2015,32.88888889
'Mississippi',MAMMO_2013,9.3,MAMMO_2014,5.2,MAMMO_2015,35.64444444
'Missouri',ABDOMEN_2013,17.016,ABDOMEN_2014,3.428,ABDOMEN_2015,3.152631579
'Missouri',BRAIN_CT_2013,14.712,BRAIN_CT_2014,3.116,BRAIN_2015,2.663157895
'Missouri',CARDIAC_2013,10.748,CARDIAC_2014,3.214,CARDIAC_2015,2.547368421
'Missouri',CHEST_CT_2013,8.236,CHEST_CT_2014,5.92,CHEST_CT_2015,37.24210526
'Missouri',LOW_BACK_2013,9.152,LOW_BACK_2014,5.012,MAMMO_2015,34.62105263
'Missouri',MAMMO_2013,9.348,MAMMO_2014,4.804,ABDOMEN_2015,3.38
'Montana',ABDOMEN_2013,5.4,ABDOMEN_2014,1.7,BRAIN_2015,7.86
'Montana',BRAIN_CT_2013,5,BRAIN_CT_2014,1.4,CARDIAC_2015,9.04
'Montana',CARDIAC_2013,5.9,CARDIAC_2014,1.1,CHEST_CT_2015,35.58
'Montana',CHEST_CT_2013,5.1,CHEST_CT_2014,4.4,MAMMO_2015,34.42
'Montana',LOW_BACK_2013,4.4,LOW_BACK_2014,3,ABDOMEN_2015,2.703448276
'Montana',MAMMO_2013,4.3,MAMMO_2014,5.9,BRAIN_2015,1.796551724
'Nebraska',ABDOMEN_2013,9.54,ABDOMEN_2014,2.92,CARDIAC_2015,1.651724138
'Nebraska',BRAIN_CT_2013,7.14,BRAIN_CT_2014,3.18,CHEST_CT_2015,35.47241379
'Nebraska',CARDIAC_2013,6.04,CARDIAC_2014,2.82,MAMMO_2015,34.22758621
'Nebraska',CHEST_CT_2013,11.36,CHEST_CT_2014,6.26,ABDOMEN_2015,2.108823529
'Nebraska',LOW_BACK_2013,8.04,LOW_BACK_2014,5.24,BRAIN_2015,1.173529412
'Nebraska',MAMMO_2013,8.48,MAMMO_2014,5.98,CARDIAC_2015,1.167647059
'Nevada',ABDOMEN_2013,8.75,ABDOMEN_2014,3.5,CHEST_CT_2015,34.47647059
'Nevada',BRAIN_CT_2013,6.3,BRAIN_CT_2014,2.675,MAMMO_2015,31.97352941
'Nevada',CARDIAC_2013,5.1,CARDIAC_2014,2.325,ABDOMEN_2015,0.9
'Nevada',CHEST_CT_2013,9,CHEST_CT_2014,5.05,BRAIN_2015,1.05
'Nevada',LOW_BACK_2013,9.525,LOW_BACK_2014,4.16875,CARDIAC_2015,0.65
'Nevada',MAMMO_2013,8.3,MAMMO_2014,5.35,CHEST_CT_2015,30.35
'New Hampshire',ABDOMEN_2013,5.155555556,ABDOMEN_2014,2.222222222,MAMMO_2015,33.55
'New Hampshire',BRAIN_CT_2013,4.866666667,BRAIN_CT_2014,2.377777778,ABDOMEN_2015,2.706060606
'New Hampshire',CARDIAC_2013,4.6,CARDIAC_2014,2.344444444,BRAIN_2015,2.342424242
'New Hampshire',CHEST_CT_2013,8.833333333,CHEST_CT_2014,5.9,CARDIAC_2015,1.872727273
'New Hampshire',LOW_BACK_2013,8.355555556,LOW_BACK_2014,5.488888889,CHEST_CT_2015,32.95454545
'New Hampshire',MAMMO_2013,8.133333333,MAMMO_2014,4.988888889,MAMMO_2015,33.99393939
'New Jersey',ABDOMEN_2013,6.836842105,ABDOMEN_2014,2.957894737,ABDOMEN_2015,3.6
'New Jersey',BRAIN_CT_2013,6.342105263,BRAIN_CT_2014,2.842105263,BRAIN_2015,4.184615385
'New Jersey',CARDIAC_2013,5.689473684,CARDIAC_2014,2.610526316,CARDIAC_2015,5.436363636
'New Jersey',CHEST_CT_2013,11.55789474,CHEST_CT_2014,6.242105263,CHEST_CT_2015,41.63846154
'New Jersey',LOW_BACK_2013,14.30526316,LOW_BACK_2014,5.776315789,MAMMO_2015,40.19230769
'New Jersey',MAMMO_2013,13.11578947,MAMMO_2014,6.305263158,ABDOMEN_2015,1.036363636
'New Mexico',ABDOMEN_2013,15.52,ABDOMEN_2014,2.78,BRAIN_2015,0.590909091
'New Mexico',BRAIN_CT_2013,7.36,BRAIN_CT_2014,2.58,CARDIAC_2015,0.981818182
'New Mexico',CARDIAC_2013,8.98,CARDIAC_2014,4.04,CHEST_CT_2015,37.40909091
'New Mexico',CHEST_CT_2013,9.8,CHEST_CT_2014,4.54,MAMMO_2015,38.84545455
'New Mexico',LOW_BACK_2013,10.72,LOW_BACK_2014,2.66,ABDOMEN_2015,4.284782609
'New Mexico',MAMMO_2013,8.76,MAMMO_2014,4.24,BRAIN_2015,2.952173913
'New York',ABDOMEN_2013,10.3,ABDOMEN_2014,3.196551724,CARDIAC_2015,2.334782609
'New York',BRAIN_CT_2013,8.920689655,BRAIN_CT_2014,3.468965517,CHEST_CT_2015,36.53913043
'New York',CARDIAC_2013,8.24137931,CARDIAC_2014,3.406896552,MAMMO_2015,36.09782609
'New York',CHEST_CT_2013,12.9137931,CHEST_CT_2014,6.234482759,ABDOMEN_2015,11.3
'New York',LOW_BACK_2013,13.62758621,LOW_BACK_2014,5.189655172,BRAIN_2015,12.35
'New York',MAMMO_2013,12.66896552,MAMMO_2014,6.027586207,CARDIAC_2015,0.75
'North Carolina',ABDOMEN_2013,6.620588235,ABDOMEN_2014,2.597058824,CHEST_CT_2015,34.4
'North Carolina',BRAIN_CT_2013,4.747058824,BRAIN_CT_2014,2.485294118,MAMMO_2015,34.15
'North Carolina',CARDIAC_2013,4.708823529,CARDIAC_2014,2.223529412,ABDOMEN_2015,2.325
'North Carolina',CHEST_CT_2013,8.497058824,CHEST_CT_2014,5.691176471,BRAIN_2015,1.875
'North Carolina',LOW_BACK_2013,8.017647059,LOW_BACK_2014,4.651470588,CARDIAC_2015,2.1875
'North Carolina',MAMMO_2013,8.208823529,MAMMO_2014,4.894117647,CHEST_CT_2015,37.85
'North Dakota',ABDOMEN_2013,13.65,ABDOMEN_2014,1.3,MAMMO_2015,36.69375
'North Dakota',BRAIN_CT_2013,13.35,BRAIN_CT_2014,1.95,ABDOMEN_2015,1.65
'North Dakota',CARDIAC_2013,10.85,CARDIAC_2014,1.3,BRAIN_2015,2.15
'North Dakota',CHEST_CT_2013,10.95,CHEST_CT_2014,4.6,CARDIAC_2015,1.3
'North Dakota',LOW_BACK_2013,10.6,LOW_BACK_2014,5.4,CHEST_CT_2015,31.9
'North Dakota',MAMMO_2013,10.9,MAMMO_2014,4.7,MAMMO_2015,40
'Ohio',ABDOMEN_2013,9.918181818,ABDOMEN_2014,2.748484848,ABDOMEN_2015,7.682142857
'Ohio',BRAIN_CT_2013,6.648484848,BRAIN_CT_2014,3.103030303,BRAIN_2015,3.146428571
'Ohio',CARDIAC_2013,5.684848485,CARDIAC_2014,3.045454545,CARDIAC_2015,3.021428571
'Ohio',CHEST_CT_2013,8.018181818,CHEST_CT_2014,5.290909091,CHEST_CT_2015,34.81785714
'Ohio',LOW_BACK_2013,8.021212121,LOW_BACK_2014,4.829545455,MAMMO_2015,36.18214286
'Ohio',MAMMO_2013,8.136363636,MAMMO_2014,5.439393939,ABDOMEN_2015,13.64307692
'Oklahoma',ABDOMEN_2013,27.88461538,ABDOMEN_2014,2.115384615,BRAIN_2015,10.46307692
'Oklahoma',BRAIN_CT_2013,23.16923077,BRAIN_CT_2014,2.015384615,CARDIAC_2015,9.575384615
'Oklahoma',CARDIAC_2013,21.10909091,CARDIAC_2014,1.940909091,CHEST_CT_2015,39.60769231
'Oklahoma',CHEST_CT_2013,8.653846154,CHEST_CT_2014,5.2,MAMMO_2015,39.08769231
'Oklahoma',LOW_BACK_2013,8.518181818,LOW_BACK_2014,4.136363636,ABDOMEN_2015,0.890909091
'Oklahoma',MAMMO_2013,7.369230769,MAMMO_2014,4.615384615,BRAIN_2015,0.581818182
'Oregon',ABDOMEN_2013,6.736363636,ABDOMEN_2014,1.636363636,CARDIAC_2015,0.890909091
'Oregon',BRAIN_CT_2013,5.854545455,BRAIN_CT_2014,1.945454545,CHEST_CT_2015,47.33636364
'Oregon',CARDIAC_2013,5.545454545,CARDIAC_2014,1.590909091,MAMMO_2015,43.10909091
'Oregon',CHEST_CT_2013,10.21818182,CHEST_CT_2014,5.390909091,ABDOMEN_2015,2.5
'Oregon',LOW_BACK_2013,9.763636364,LOW_BACK_2014,3.615909091,BRAIN_2015,3.1
'Oregon',MAMMO_2013,9.854545455,MAMMO_2014,4.309090909,CARDIAC_2015,3.4
'Pennsylvania',ABDOMEN_2013,15.31521739,ABDOMEN_2014,3.113043478,CHEST_CT_2015,32
'Pennsylvania',BRAIN_CT_2013,13.48695652,BRAIN_CT_2014,3.402173913,MAMMO_2015,35.8
'Pennsylvania',CARDIAC_2013,12.24565217,CARDIAC_2014,3.052173913,ABDOMEN_2015,3.797368421
'Pennsylvania',CHEST_CT_2013,8.826086957,CHEST_CT_2014,5.515217391,BRAIN_2015,1.957894737
'Pennsylvania',LOW_BACK_2013,8.734782609,LOW_BACK_2014,5.685869565,CARDIAC_2015,1.947368421
'Pennsylvania',MAMMO_2013,9.115217391,MAMMO_2014,6.141304348,CHEST_CT_2015,35.2
'Rhode Island',ABDOMEN_2013,6.2,ABDOMEN_2014,3.45,MAMMO_2015,35.65263158
'Rhode Island',BRAIN_CT_2013,4.65,BRAIN_CT_2014,3.45,ABDOMEN_2015,0.818181818
'Rhode Island',CARDIAC_2013,4.1,CARDIAC_2014,3.075,BRAIN_2015,0.545454545
'Rhode Island',CHEST_CT_2013,10.05,CHEST_CT_2014,4,CARDIAC_2015,0.527272727
'Rhode Island',LOW_BACK_2013,9.3,LOW_BACK_2014,3.6875,CHEST_CT_2015,38.89090909
'Rhode Island',MAMMO_2013,10.6,MAMMO_2014,7.65,MAMMO_2015,38.1
'South Carolina',ABDOMEN_2013,7.68125,ABDOMEN_2014,2.78125,ABDOMEN_2015,11.75384615
'South Carolina',BRAIN_CT_2013,5.775,BRAIN_CT_2014,2.5,BRAIN_2015,5.046153846
'South Carolina',CARDIAC_2013,5.64375,CARDIAC_2014,2.59375,CARDIAC_2015,4.015384615
'South Carolina',CHEST_CT_2013,8.0625,CHEST_CT_2014,5.225,CHEST_CT_2015,36.46153846
'South Carolina',LOW_BACK_2013,7.6125,LOW_BACK_2014,4.7671875,MAMMO_2015,40.54615385
'South Carolina',MAMMO_2013,7.1,MAMMO_2014,4.95625,ABDOMEN_2015,2
'South Dakota',ABDOMEN_2013,8.85,ABDOMEN_2014,2.3,BRAIN_2015,1.05
'South Dakota',BRAIN_CT_2013,7.85,BRAIN_CT_2014,2.8,CARDIAC_2015,1
'South Dakota',CARDIAC_2013,7.45,CARDIAC_2014,1.65,CHEST_CT_2015,39.65
'South Dakota',CHEST_CT_2013,4.25,CHEST_CT_2014,5.7,MAMMO_2015,47.4
'South Dakota',LOW_BACK_2013,8.3,LOW_BACK_2014,4.35,ABDOMEN_2015,3.85
'South Dakota',MAMMO_2013,8.4,MAMMO_2014,2.65,BRAIN_2015,4
'Tennessee',ABDOMEN_2013,12.16071429,ABDOMEN_2014,3.160714286,CARDIAC_2015,4.8
'Tennessee',BRAIN_CT_2013,9.571428571,BRAIN_CT_2014,3.667857143,CHEST_CT_2015,40
'Tennessee',CARDIAC_2013,8.317857143,CARDIAC_2014,3.177678571,MAMMO_2015,38.15
'Tennessee',CHEST_CT_2013,7.717857143,CHEST_CT_2014,5.65,,
'Tennessee',LOW_BACK_2013,8.867857143,LOW_BACK_2014,4.633035714,,
'Tennessee',MAMMO_2013,8.432142857,MAMMO_2014,5.05,,
'Texas',ABDOMEN_2013,22.76769231,ABDOMEN_2014,2.524615385,,
'Texas',BRAIN_CT_2013,16.68615385,BRAIN_CT_2014,2.593846154,,
'Texas',CARDIAC_2013,14.41384615,CARDIAC_2014,2.624615385,,
'Texas',CHEST_CT_2013,8.395384615,CHEST_CT_2014,5.598461538,,
'Texas',LOW_BACK_2013,8.246153846,LOW_BACK_2014,4.858461538,,
'Texas',MAMMO_2013,8.010769231,MAMMO_2014,5.306153846,,
'Utah',ABDOMEN_2013,4.472727273,ABDOMEN_2014,3.054545455,,
'Utah',BRAIN_CT_2013,4.436363636,BRAIN_CT_2014,2.372727273,,
'Utah',CARDIAC_2013,4.254545455,CARDIAC_2014,2.840909091,,
'Utah',CHEST_CT_2013,9.363636364,CHEST_CT_2014,5.145454545,,
'Utah',LOW_BACK_2013,8.681818182,LOW_BACK_2014,4.645454545,,
'Utah',MAMMO_2013,8.609090909,MAMMO_2014,4.3,,
'Vermont',ABDOMEN_2013,5.4,ABDOMEN_2014,3.5,,
'Vermont',BRAIN_CT_2013,5.7,BRAIN_CT_2014,2.7,,
'Vermont',CARDIAC_2013,3.3,CARDIAC_2014,2.6,,
'Vermont',CHEST_CT_2013,5.1,CHEST_CT_2014,3.6,,
'Vermont',LOW_BACK_2013,4.8,LOW_BACK_2014,4.2,,
'Vermont',MAMMO_2013,4.9,MAMMO_2014,6.4,,
'Virginia',ABDOMEN_2013,11.88157895,ABDOMEN_2014,2.376315789,,
'Virginia',BRAIN_CT_2013,9.5,BRAIN_CT_2014,2.336842105,,
'Virginia',CARDIAC_2013,8.613157895,CARDIAC_2014,2.181578947,,
'Virginia',CHEST_CT_2013,8.723684211,CHEST_CT_2014,5.252631579,,
'Virginia',LOW_BACK_2013,7.913157895,LOW_BACK_2014,4.691447368,,
'Virginia',MAMMO_2013,8.218421053,MAMMO_2014,5.526315789,,
'Washington',ABDOMEN_2013,7.327272727,ABDOMEN_2014,1.481818182,,
'Washington',BRAIN_CT_2013,5.109090909,BRAIN_CT_2014,1.590909091,,
'Washington',CARDIAC_2013,4.7,CARDIAC_2014,1.731818182,,
'Washington',CHEST_CT_2013,7.772727273,CHEST_CT_2014,4.518181818,,
'Washington',LOW_BACK_2013,8.209090909,LOW_BACK_2014,3.854545455,,
'Washington',MAMMO_2013,7.863636364,MAMMO_2014,4.636363636,,
'West Virginia',ABDOMEN_2013,22.5,ABDOMEN_2014,4,,
'West Virginia',BRAIN_CT_2013,15.40769231,BRAIN_CT_2014,3.738461538,,
'West Virginia',CARDIAC_2013,13.63076923,CARDIAC_2014,3.207692308,,
'West Virginia',CHEST_CT_2013,9.592307692,CHEST_CT_2014,5.184615385,,
'West Virginia',LOW_BACK_2013,9.561538462,LOW_BACK_2014,4.528846154,,
'West Virginia',MAMMO_2013,9.784615385,MAMMO_2014,4.761538462,,
'Wisconsin',ABDOMEN_2013,7.3,ABDOMEN_2014,1.5,,
'Wisconsin',BRAIN_CT_2013,5.25,BRAIN_CT_2014,1.1,,
'Wisconsin',CARDIAC_2013,6.15,CARDIAC_2014,1.95,,
'Wisconsin',CHEST_CT_2013,7.95,CHEST_CT_2014,5.45,,
'Wisconsin',LOW_BACK_2013,8.3,LOW_BACK_2014,5.55,,
'Wisconsin',MAMMO_2013,9.05,MAMMO_2014,5.4,,
'Wyoming',ABDOMEN_2013,22.5,ABDOMEN_2014,2.55,,
'Wyoming',BRAIN_CT_2013,17.55,BRAIN_CT_2014,2.15,,
'Wyoming',CARDIAC_2013,16.45,CARDIAC_2014,2.525,,
'Wyoming',CHEST_CT_2013,9.4,CHEST_CT_2014,2.8,,
'Wyoming',LOW_BACK_2013,8.35,LOW_BACK_2014,4.7,,
'Wyoming',MAMMO_2013,8.85,MAMMO_2014,5.1,,
