HF,Alaska,0.992,1.057,1.138
HF,Alaska,1.025,1.038,1.004
HF,Alaska,0.935,0.928,1.007
HF,Alaska,0.954,1.011,1.059
HF,Alaska,0.879,0.864,1.065
HF,Alabama,1.063,1.061,1.088
HF,Alabama,1.057,1.108,0.942
HF,Alabama,0.972,1.014,0.969
HF,Alabama,1.141,1.059,1.034
HF,Alabama,1.021,1.104,0.912
HF,Alabama,0.906,0.969,0.931
HF,Alabama,1.022,0.949,1.175
HF,Alabama,1.092,1.095,1.055
HF,Alabama,0.98,1.021,1.011
HF,Alabama,1.096,1.224,0.933
HF,Alabama,1.011,1.061,1.042
HF,Alabama,1.063,1.203,0.928
HF,Alabama,1.004,1.029,1.004
HF,Alabama,1.094,1.069,1.028
HF,Alabama,1.039,1.038,0.996
HF,Alabama,1.088,1.027,0.949
HF,Alabama,1.11,0.949,0.933
HF,Alabama,1.008,1.012,1.08
HF,Alabama,0.987,0.921,1.07
HF,Alabama,0.939,1.04,1.016
HF,Alabama,0.958,0.898,0.955
HF,Alabama,0.934,0.933,1.049
HF,Alabama,0.983,1.007,0.932
HF,Alabama,0.901,1.017,0.932
HF,Alabama,0.914,0.927,1.025
HF,Alabama,1.011,0.961,1.162
HF,Alabama,0.969,1.002,0.988
HF,Alabama,0.962,0.957,1.033
HF,Alabama,0.946,0.988,1.192
HF,Alabama,0.989,1.014,0.985
HF,Alabama,0.998,0.989,0.923
HF,Alabama,1.044,1.1,0.971
HF,Alabama,1.029,1.036,1.038
HF,Alabama,0.963,0.957,0.982
HF,Alabama,0.99,1.013,0.942
HF,Alabama,0.917,0.932,1.016
HF,Alabama,0.913,0.945,0.895
HF,Alabama,0.95,0.96,1.042
HF,Alabama,1.064,1.034,1.036
HF,Alabama,1.055,1.006,0.969
HF,Alabama,1.008,1.039,0.975
HF,Alabama,0.887,0.925,0.964
HF,Alabama,0.892,0.889,1.069
HF,Alabama,1.046,1.033,0.891
HF,Alabama,1.016,1.02,0.976
HF,Alabama,0.941,0.913,0.889
HF,Alabama,0.803,0.825,0.853
HF,Alabama,0.926,0.9,0.971
HF,Alabama,0.948,0.923,0.978
HF,Alabama,1.06,1.029,0.883
HF,Alabama,1.049,1.002,1.061
HF,Arkansas,1.134,1.158,0.928
HF,Arkansas,1.025,1.068,0.954
HF,Arkansas,1.108,1.047,1.142
HF,Arkansas,1.008,1.005,0.943
HF,Arkansas,1.002,0.956,0.904
HF,Arkansas,1.107,1.039,0.998
HF,Arkansas,1.049,1.076,1.097
HF,Arkansas,1.093,1.108,0.977
HF,Arkansas,0.942,0.971,0.954
HF,Arkansas,1.066,1.091,0.913
HF,Arkansas,0.976,1.099,1.001
HF,Arkansas,0.997,0.988,0.943
HF,Arkansas,1,1.042,0.945
HF,Arkansas,1.092,1.165,1.074
HF,Arkansas,0.887,0.883,0.98
HF,Arkansas,0.993,0.904,1.071
HF,Arkansas,1.033,1.092,1.007
HF,Arkansas,1.103,1.103,0.842
HF,Arkansas,1.116,1.1,0.971
HF,Arkansas,1.045,1.069,0.778
HF,Arkansas,0.927,0.962,1.004
HF,Arizona,0.975,0.923,0.989
HF,Arizona,1.01,1.067,1.101
HF,Arizona,0.997,0.92,1.018
HF,Arizona,1.017,1.011,1.04
HF,Arizona,1.074,1.086,0.96
HF,Arizona,1.044,0.915,0.929
HF,Arizona,1.039,0.998,0.976
HF,Arizona,0.984,0.997,0.903
HF,Arizona,0.961,0.98,0.949
HF,Arizona,0.981,0.955,1.02
HF,Arizona,1.082,1.033,1.044
HF,Arizona,1.104,0.994,1.161
HF,Arizona,0.983,0.962,0.964
HF,Arizona,1.206,1.187,1.062
HF,Arizona,0.863,0.928,0.906
HF,Arizona,1.001,1.002,1.186
HF,Arizona,1.093,1.088,1.044
HF,Arizona,1.026,1.038,1.033
HF,Arizona,0.956,0.948,1.043
HF,Arizona,0.93,0.96,1.096
HF,Arizona,1.032,1.031,1.022
HF,Arizona,0.966,0.858,0.977
HF,Arizona,0.967,1.001,1.022
HF,Arizona,0.988,0.97,1.072
HF,Arizona,1.012,0.954,0.941
HF,California,1.218,1.115,1.011
HF,California,1.137,1.152,1.032
HF,California,1.104,1.083,1.028
HF,California,1.145,1.214,0.873
HF,California,1.098,1.029,1.044
HF,California,1.138,1.123,1.019
HF,California,1.032,1.012,0.951
HF,California,1.105,1.069,0.963
HF,California,1.079,1.13,0.875
HF,California,1.008,1.029,0.894
HF,California,1.043,1.097,0.965
HF,California,0.913,0.971,1.003
HF,California,1.02,1.113,0.991
HF,California,0.961,0.981,0.942
HF,California,1.069,1.16,0.948
HF,California,1.041,1.064,0.923
HF,California,0.96,0.94,1.013
HF,California,1.014,1.02,1.047
HF,California,1.02,1.083,0.974
HF,California,0.983,0.978,0.915
HF,California,0.912,0.969,0.838
HF,California,1.027,1.032,1.003
HF,California,0.972,0.973,0.964
HF,California,1.084,1.074,0.925
HF,California,1.122,1.072,1.015
HF,California,0.968,0.966,0.928
HF,California,0.988,0.972,1.006
HF,California,0.991,0.981,1.016
HF,California,1.033,1.049,1.074
HF,California,1.003,1.085,0.933
HF,California,0.986,1.05,0.975
HF,California,0.91,0.979,1.004
HF,California,0.973,1.061,1.001
HF,California,1.018,1.003,0.986
HF,California,1.029,1.096,0.992
HF,California,0.928,0.998,1.044
HF,California,1.03,0.993,0.912
HF,California,1.004,0.958,0.931
HF,California,1.002,0.986,0.879
HF,California,1.032,1.072,1.007
HF,California,0.943,0.922,0.991
HF,California,0.954,0.873,1.033
HF,California,1.101,1.039,0.927
HF,California,1.067,1.014,1.024
HF,California,0.991,1.027,1.007
HF,California,0.959,0.967,0.883
HF,California,0.946,0.959,0.967
HF,California,1.038,0.978,0.94
HF,California,1.043,1.05,0.781
HF,California,1.001,1.002,0.982
HF,California,0.97,1.039,1.086
HF,California,0.993,1.037,0.865
HF,California,0.955,1.026,1.109
HF,California,1.062,1.009,0.985
HF,California,0.995,1.002,1.012
HF,California,1.01,1.164,0.987
HF,California,0.993,1.035,0.994
HF,California,0.981,0.97,0.939
HF,California,0.922,0.959,0.958
HF,California,1.01,1.057,0.97
HF,California,0.915,1.03,0.997
HF,California,0.937,0.922,1.008
HF,California,1.025,1.045,0.964
HF,California,0.967,1.004,0.959
HF,California,1.018,1.043,1.012
HF,California,1.047,1.03,1.082
HF,California,0.814,0.808,1.036
HF,California,0.998,0.984,0.975
HF,California,1.108,1.014,0.908
HF,California,0.928,0.939,1.029
HF,California,0.976,1.034,1.084
HF,California,1.086,1.091,0.984
HF,California,0.999,0.991,1.024
HF,California,0.946,0.951,0.921
HF,California,0.89,0.921,1.07
HF,California,0.991,0.953,1.02
HF,California,1.023,1.023,0.85
HF,California,1.113,1.031,1.074
HF,California,0.946,0.896,1.015
HF,California,1.089,1.029,1.039
HF,California,1.019,0.973,0.903
HF,California,1.109,1.084,0.976
HF,California,0.966,0.944,1.044
HF,California,1.033,1.013,1.02
HF,California,0.957,0.969,0.888
HF,California,1.008,1.037,0.926
HF,California,0.925,0.925,1.082
HF,California,1.025,0.992,0.972
HF,California,1.08,0.992,0.971
HF,California,1.014,1.008,0.956
HF,California,1.002,0.985,1.03
HF,California,0.903,0.894,1.005
HF,California,1.004,1.023,0.867
HF,California,0.909,0.949,1.051
HF,California,0.898,0.877,1.023
HF,California,1.002,1.086,0.838
HF,California,0.942,0.967,0.963
HF,California,1.066,1.045,0.927
HF,California,1.007,0.984,0.833
HF,California,1.016,0.96,1.004
HF,California,0.98,0.923,1.084
HF,California,1.072,1.033,0.961
HF,California,0.944,0.948,0.823
HF,California,0.988,0.987,1.017
HF,California,1.042,0.998,0.988
HF,California,1.063,1.12,1.013
HF,California,0.969,0.933,1.074
HF,California,0.983,0.962,0.986
HF,California,1.022,0.985,1.134
HF,California,0.988,0.914,1.004
HF,California,0.928,0.952,0.811
HF,California,0.982,1.028,1
HF,California,1.034,1.044,1.024
HF,California,1.028,1.04,0.91
HF,California,0.855,0.864,0.925
HF,California,1.038,0.994,0.994
HF,California,0.958,1.077,0.984
HF,California,0.936,0.992,0.989
HF,California,0.926,0.975,1.024
HF,California,0.976,0.971,1.013
HF,California,0.958,1.006,1.01
HF,California,1.039,0.942,0.863
HF,California,0.92,0.959,1.048
HF,California,0.945,0.902,1.118
HF,California,0.881,0.871,0.994
HF,California,0.937,1.003,0.97
HF,California,1.042,0.947,1.033
HF,California,0.948,0.957,0.976
HF,California,0.961,0.923,1.001
HF,California,1.082,1.077,0.916
HF,California,0.922,0.855,0.91
HF,California,1.043,1.058,0.993
HF,California,1.061,1.072,1.021
HF,California,0.877,0.804,0.927
HF,California,0.832,0.797,0.897
HF,California,0.879,0.902,0.922
HF,California,1.021,0.965,0.857
HF,California,0.909,0.861,1.011
HF,California,0.973,1.03,0.936
HF,California,1.012,0.923,1.119
HF,California,0.915,1.008,0.96
HF,California,0.877,0.823,1.058
HF,California,0.992,0.984,1.058
HF,California,0.964,0.912,0.912
HF,California,0.86,0.917,0.958
HF,California,0.917,0.821,1.035
HF,California,0.836,0.796,0.843
HF,California,0.947,1.021,1.043
HF,California,0.952,0.924,0.993
HF,California,0.947,0.875,1.042
HF,Colorado,1.001,1.002,1.004
HF,Colorado,0.927,0.971,1.014
HF,Colorado,0.903,0.902,1.054
HF,Colorado,0.883,0.881,0.971
HF,Colorado,0.989,1.021,1.075
HF,Colorado,0.903,0.892,1.004
HF,Colorado,1.001,0.991,0.966
HF,Colorado,0.884,0.937,0.967
HF,Colorado,1.038,1.02,0.91
HF,Colorado,0.995,0.987,0.984
HF,Colorado,0.997,0.965,1.021
HF,Colorado,0.963,0.975,0.96
HF,Colorado,0.936,0.999,0.98
HF,Colorado,1.029,0.917,0.893
HF,Colorado,0.916,0.891,0.97
HF,Colorado,0.948,0.895,0.949
HF,Colorado,0.955,0.965,0.94
HF,Colorado,0.946,0.897,1.021
HF,Colorado,0.894,0.831,1.004
HF,Colorado,0.929,0.882,1.007
HF,Colorado,0.946,0.89,0.943
HF,Connecticut,1.065,1.079,0.974
HF,Connecticut,1.092,1.039,0.974
HF,Connecticut,1.051,1.094,0.974
HF,Connecticut,0.963,1.002,0.882
HF,Connecticut,1.079,0.999,0.861
HF,Connecticut,1.033,0.98,0.9
HF,Connecticut,1.018,0.997,0.946
HF,Connecticut,0.967,0.978,0.958
HF,Connecticut,0.945,0.981,0.974
HF,Connecticut,1.129,1.163,0.833
HF,Connecticut,1.032,1.068,0.982
HF,Connecticut,0.94,0.955,0.974
HF,Connecticut,0.923,0.909,0.974
HF,Connecticut,1.01,0.99,0.964
HF,Connecticut,0.929,0.958,0.974
HF,Connecticut,0.975,1.023,0.916
HF,Connecticut,0.92,0.939,0.974
HF,Delaware,0.866,0.885,1.08
HF,Florida,1.089,1.07,0.974
HF,Florida,1.015,1.024,0.939
HF,Florida,1.11,1.122,0.918
HF,Florida,1.033,1.113,1.004
HF,Florida,0.985,1.01,0.883
HF,Florida,0.967,0.944,0.966
HF,Florida,0.973,0.984,0.893
HF,Florida,1.07,0.998,0.97
HF,Florida,1.122,1.056,0.816
HF,Florida,1.14,1.107,0.968
HF,Florida,1.001,0.998,0.877
HF,Florida,1.152,1.171,0.944
HF,Florida,1.096,1.027,0.873
HF,Florida,1.097,1.069,0.96
HF,Florida,0.972,1.018,0.98
HF,Florida,1.064,1.059,0.991
HF,Florida,0.826,0.891,0.999
HF,Florida,0.937,0.983,1.043
HF,Florida,0.919,1.003,1.111
HF,Florida,1.03,1.113,0.987
HF,Florida,1.083,1.101,0.992
HF,Florida,1.109,1.134,1.133
HF,Florida,1.137,1.209,0.958
HF,Florida,0.971,1.029,1.01
HF,Florida,0.914,0.913,0.958
HF,Florida,1.16,1.174,0.981
HF,Florida,0.972,1.045,1.06
HF,Florida,1.07,1.133,1.046
HF,Florida,1.054,0.944,1.04
HF,Florida,1.094,1.101,0.961
HF,Florida,1.072,1.114,0.962
HF,Florida,1.023,1.005,0.946
HF,Florida,1.065,1.105,1.082
HF,Florida,0.989,1.004,0.99
HF,Florida,1.044,1.063,0.946
HF,Florida,1.009,1.07,1.084
HF,Florida,1.064,1.04,1.002
HF,Florida,1.146,1.163,0.872
HF,Florida,1.034,1.048,0.88
HF,Florida,0.992,1.03,1.014
HF,Florida,0.92,0.958,1.072
HF,Florida,1.042,1.087,0.91
HF,Florida,0.928,0.904,1.029
HF,Florida,1.102,1.087,1.022
HF,Florida,1.049,1.138,0.885
HF,Florida,0.89,0.926,0.971
HF,Florida,1.016,0.959,1.059
HF,Florida,0.971,0.943,0.915
HF,Florida,0.958,1.006,1.001
HF,Florida,1.143,1.199,1.011
HF,Florida,1.044,1.077,1.033
HF,Florida,0.987,0.991,0.949
HF,Florida,0.947,0.955,1.144
HF,Florida,0.922,0.994,0.831
HF,Florida,1.001,1.027,1.035
HF,Florida,0.933,0.958,0.985
HF,Florida,1.081,1.193,1.145
HF,Florida,1.003,0.97,1.007
HF,Florida,0.924,0.881,0.898
HF,Florida,1.012,0.98,1.054
HF,Florida,1.069,1.058,0.95
HF,Florida,1.003,1.073,1.02
HF,Florida,0.903,0.899,0.958
HF,Florida,0.969,0.977,1.062
HF,Florida,1.118,1.136,1.058
HF,Florida,1.084,1.082,0.857
HF,Florida,1.005,1.08,0.878
HF,Florida,1.001,1.026,0.913
HF,Florida,0.999,1.013,1.071
HF,Florida,1.156,1.141,0.968
HF,Florida,1.012,0.925,1.057
HF,Florida,0.993,0.985,0.911
HF,Florida,1.188,1.139,0.977
HF,Florida,0.992,1.003,0.951
HF,Florida,0.941,1.004,0.963
HF,Florida,0.913,0.908,1.11
HF,Florida,0.899,0.931,1.01
HF,Florida,0.905,0.975,0.995
HF,Florida,1.003,1.038,1.004
HF,Florida,0.835,0.886,0.921
HF,Florida,0.946,0.961,0.999
HF,Florida,1.008,1.003,1.117
HF,Florida,0.946,0.982,1.013
HF,Florida,0.946,0.991,0.954
HF,Florida,1.044,1.107,1.066
HF,Florida,0.898,0.895,0.975
HF,Florida,1.092,1.111,0.925
HF,Florida,1.005,0.958,1.036
HF,Florida,0.975,1.003,1.018
HF,Florida,0.953,0.93,1.003
HF,Florida,1.008,0.971,1.053
HF,Florida,1.064,1.077,1.115
HF,Florida,1.121,1.04,0.904
HF,Florida,0.935,0.964,0.987
HF,Florida,0.802,0.805,0.971
HF,Florida,0.845,0.835,1.129
HF,Florida,0.911,0.91,0.853
HF,Florida,0.904,0.922,1.019
HF,Florida,0.957,0.965,1.023
HF,Florida,0.989,0.958,1.045
HF,Florida,0.892,0.891,0.969
HF,Georgia,0.928,0.907,1.006
HF,Georgia,0.966,0.921,0.993
HF,Georgia,1.101,1.154,0.905
HF,Georgia,1.017,1.05,1.004
HF,Georgia,1.126,1.151,0.972
HF,Georgia,1.063,1.023,1.024
HF,Georgia,1.043,1.037,0.948
HF,Georgia,1.051,1.066,0.921
HF,Georgia,0.975,0.984,0.976
HF,Georgia,1.083,1.086,1.069
HF,Georgia,1.06,1.066,1.062
HF,Georgia,1.014,0.965,0.923
HF,Georgia,0.956,0.929,1.046
HF,Georgia,0.983,1.007,0.893
HF,Georgia,0.995,0.995,0.948
HF,Georgia,1.021,1.02,1.062
HF,Georgia,1.046,1.037,0.727
HF,Georgia,0.944,1.009,0.992
HF,Georgia,1.052,1.022,0.939
HF,Georgia,0.953,0.919,0.962
HF,Georgia,1.107,1.066,0.91
HF,Georgia,0.934,0.974,0.963
HF,Georgia,0.991,0.936,0.947
HF,Georgia,0.93,0.923,0.943
HF,Georgia,1.014,0.97,1.062
HF,Georgia,0.991,0.954,1.089
HF,Georgia,1.104,1.107,0.952
HF,Georgia,0.918,0.964,1.08
HF,Georgia,1.006,1.016,1.062
HF,Georgia,1.001,1.012,0.956
HF,Georgia,0.93,0.986,1.047
HF,Georgia,0.981,1.021,0.993
HF,Georgia,1.03,1.023,1.011
HF,Georgia,0.968,1.086,1.053
HF,Georgia,0.981,1.029,1.005
HF,Georgia,0.881,0.836,1.035
HF,Georgia,1.024,0.952,0.952
HF,Georgia,0.963,1.135,1.007
HF,Georgia,0.988,1.005,0.904
HF,Georgia,0.94,0.943,0.974
HF,Georgia,1.063,1.069,1.062
HF,Georgia,0.94,0.992,0.975
HF,Georgia,0.98,0.986,0.915
HF,Georgia,1.021,0.979,0.993
HF,Georgia,1.106,1.132,0.959
HF,Georgia,0.885,0.953,1.17
HF,Georgia,0.923,0.94,0.945
HF,Georgia,0.925,0.933,1.094
HF,Georgia,0.989,0.906,0.933
HF,Georgia,0.943,0.886,0.954
HF,Georgia,0.896,0.923,0.945
HF,Georgia,0.86,0.894,1.062
HF,Georgia,0.989,0.972,0.962
HF,Georgia,0.892,0.949,0.965
HF,Georgia,0.93,0.931,0.942
HF,Hawaii,1.053,1.043,0.981
HF,Hawaii,0.955,0.994,0.969
HF,Hawaii,1.021,0.995,1.062
HF,Hawaii,0.947,0.936,1.127
HF,Hawaii,0.942,0.892,1.092
HF,Hawaii,0.868,0.893,1.086
HF,Hawaii,0.897,0.985,1.062
HF,Iowa,0.791,0.844,1.173
HF,Iowa,0.959,0.948,0.99
HF,Iowa,0.99,0.965,0.995
HF,Iowa,0.859,0.928,1.065
HF,Iowa,1.035,1.018,0.978
HF,Iowa,1.077,1.074,1.014
HF,Iowa,0.993,0.976,1.033
HF,Iowa,0.954,0.985,0.948
HF,Iowa,0.928,0.886,0.995
HF,Iowa,0.815,0.812,0.934
HF,Idaho,0.931,0.859,1.086
HF,Idaho,0.932,0.956,0.96
HF,Idaho,0.932,0.956,0.934
HF,Idaho,0.932,0.956,0.994
HF,Idaho,0.932,0.956,1.021
HF,Idaho,0.932,0.956,0.922
HF,Idaho,0.932,0.956,0.974
HF,Idaho,0.932,0.956,1.061
HF,Idaho,0.932,0.956,1.022
HF,Idaho,0.876,0.887,1.07
HF,Idaho,0.867,0.823,1.028
HF,Idaho,0.889,0.902,1.006
HF,Idaho,0.976,0.852,1.004
HF,Illinois,1.032,1.026,1.038
HF,Illinois,1.161,1.086,1.087
HF,Illinois,1.079,1.182,1.075
HF,Illinois,1.129,1.151,1.072
HF,Illinois,1.021,1.01,1.016
HF,Illinois,1.01,1.131,1.053
HF,Illinois,1.022,1.093,0.9
HF,Illinois,1.138,1.039,1.012
HF,Illinois,1.019,1.061,1.044
HF,Illinois,1.091,1.124,0.868
HF,Illinois,1.078,1.102,0.94
HF,Illinois,1.053,1.07,1.053
HF,Illinois,1.073,1,1.028
HF,Illinois,1.163,1.105,0.874
HF,Illinois,0.976,0.976,1.052
HF,Illinois,1.093,1.028,0.998
HF,Illinois,1.084,1.102,0.968
HF,Illinois,1.1,1.033,1.018
HF,Illinois,1.08,1.017,0.939
HF,Illinois,1.114,1.038,0.968
HF,Illinois,1.07,0.991,0.984
HF,Illinois,0.991,0.954,0.997
HF,Illinois,0.985,1.044,1.065
HF,Illinois,1.111,1.135,1.037
HF,Illinois,0.977,0.968,1.019
HF,Illinois,1.204,1.167,0.902
HF,Illinois,1.077,1.075,0.989
HF,Illinois,1.021,1.033,0.906
HF,Illinois,1.069,1.099,0.937
HF,Illinois,0.955,0.941,0.978
HF,Illinois,1.079,1.061,1.009
HF,Illinois,1.007,1.006,0.964
HF,Illinois,0.982,0.969,1.131
HF,Illinois,1.126,1.098,0.885
HF,Illinois,1.061,1.012,0.989
HF,Illinois,0.926,0.952,1.004
HF,Illinois,0.96,0.917,1.01
HF,Illinois,1.102,1.169,1.004
HF,Illinois,1.024,1.034,0.967
HF,Illinois,1.148,1.192,0.987
HF,Illinois,0.996,1.03,1.018
HF,Illinois,1.125,1.041,1.045
HF,Illinois,0.939,0.893,0.983
HF,Illinois,1.031,0.98,0.87
HF,Illinois,1.022,1.067,0.7
HF,Illinois,1.09,1.028,0.954
HF,Illinois,0.955,1.038,1.039
HF,Illinois,0.961,0.981,0.97
HF,Illinois,1.054,1.048,0.906
HF,Illinois,1.018,1.025,0.893
HF,Illinois,0.962,1.008,0.784
HF,Illinois,1.152,1.133,1.029
HF,Illinois,0.949,0.944,0.978
HF,Illinois,0.955,0.909,1.004
HF,Illinois,0.976,0.941,1.027
HF,Illinois,0.959,1.035,0.957
HF,Illinois,0.938,0.965,0.96
HF,Illinois,0.982,0.975,1.044
HF,Illinois,0.982,0.95,0.83
HF,Illinois,1.02,0.98,0.935
HF,Illinois,0.934,0.997,0.934
HF,Illinois,0.966,0.964,0.959
HF,Illinois,0.972,0.997,0.996
HF,Kansas,1.223,1.152,0.944
HF,Kansas,0.976,1.056,0.943
HF,Kansas,0.95,0.933,0.989
HF,Kansas,0.996,1.002,0.955
HF,Kansas,1.054,1.007,1.038
HF,Kansas,1.094,1.134,0.971
HF,Kansas,1.026,0.983,0.998
HF,Kansas,0.997,1.019,0.947
HF,Kansas,0.926,0.964,0.901
HF,Kansas,1.102,1.005,0.796
HF,Kansas,0.977,0.988,0.958
HF,Kansas,1.081,1.109,0.984
HF,Kansas,0.878,0.887,0.919
HF,Kansas,1.084,1.013,1.149
HF,Kansas,0.961,1.002,0.85
HF,Kansas,1.001,1.035,1
HF,Kansas,1.028,0.968,0.986
HF,Kansas,0.945,0.935,1.113
HF,Kansas,1.02,1.012,1.017
HF,Kansas,0.944,0.923,0.88
HF,Kansas,0.972,1.013,1.13
HF,Kansas,0.899,0.881,0.974
HF,Kansas,0.842,0.795,0.878
HF,Kentucky,1.144,1.202,0.884
HF,Kentucky,1.096,1.172,1.085
HF,Kentucky,1.039,0.983,1.009
HF,Kentucky,1.238,1.289,1.082
HF,Kentucky,1.034,1.047,1.066
HF,Kentucky,1.006,1.021,1.073
HF,Kentucky,1.12,1.177,1.004
HF,Kentucky,1.039,1.041,0.889
HF,Kentucky,1.089,1.101,0.948
HF,Kentucky,0.989,0.966,1.102
HF,Kentucky,1.048,1.054,0.978
HF,Kentucky,1.041,1.055,0.993
HF,Kentucky,0.945,0.941,0.963
HF,Kentucky,0.959,0.922,0.997
HF,Kentucky,1.177,1.097,0.985
HF,Kentucky,1.027,0.996,0.918
HF,Kentucky,1.001,0.979,0.943
HF,Kentucky,1.02,0.979,0.903
HF,Kentucky,0.946,0.931,1.113
HF,Kentucky,1.044,1.041,0.937
HF,Kentucky,1.008,1.036,1.11
HF,Kentucky,1.129,1.225,1.039
HF,Kentucky,1.043,1.13,0.958
HF,Kentucky,1.022,0.992,0.966
HF,Kentucky,0.919,0.935,0.946
HF,Kentucky,1.143,1.164,1.005
HF,Kentucky,0.973,1.007,1.015
HF,Kentucky,0.939,0.975,1.055
HF,Kentucky,0.902,0.972,1
HF,Kentucky,0.931,1.036,1.025
HF,Kentucky,0.915,0.92,0.953
HF,Kentucky,0.931,1.024,1.021
HF,Kentucky,1.035,1.035,1.088
HF,Kentucky,0.93,0.917,1.004
HF,Kentucky,1.041,0.951,1.015
HF,Kentucky,0.769,0.785,1.072
HF,Louisiana,1.216,1.265,0.873
HF,Louisiana,1.144,1.142,0.966
HF,Louisiana,0.961,1.052,1.004
HF,Louisiana,1.048,1.017,1.215
HF,Louisiana,1.094,1.104,1.029
HF,Louisiana,1.075,1.072,0.979
HF,Louisiana,0.979,0.98,1.148
HF,Louisiana,1.036,1.056,1.016
HF,Louisiana,1.19,1.19,0.974
HF,Louisiana,0.933,0.917,0.868
HF,Louisiana,1.006,0.958,0.861
HF,Louisiana,1.096,1.105,0.961
HF,Louisiana,1.062,1.028,0.861
HF,Louisiana,0.974,0.955,0.99
HF,Louisiana,0.956,0.955,0.977
HF,Louisiana,1.152,1.227,0.972
HF,Louisiana,0.999,0.988,1.093
HF,Louisiana,0.989,1.006,1.049
HF,Louisiana,1.109,1.165,1.01
HF,Louisiana,1.095,1.077,0.987
HF,Louisiana,1.084,1.119,1.044
HF,Louisiana,0.935,1.034,0.871
HF,Louisiana,1.034,1.016,0.885
HF,Louisiana,0.99,1.067,0.865
HF,Louisiana,0.896,0.97,1.001
HF,Louisiana,1.038,1.019,1.089
HF,Louisiana,0.923,0.963,0.928
HF,Louisiana,1.065,1.102,0.968
HF,Louisiana,1.006,1.065,0.974
HF,Louisiana,0.921,0.924,0.891
HF,Louisiana,0.998,0.995,1.004
HF,Louisiana,1.034,1.023,1.102
HF,Louisiana,1.037,0.979,0.982
HF,Louisiana,0.858,0.89,0.987
HF,Louisiana,0.969,0.961,0.938
HF,Massachusetts,1.119,1.082,0.8
HF,Massachusetts,1.048,0.973,1.031
HF,Massachusetts,1.118,1.081,0.87
HF,Massachusetts,1.021,1.02,0.972
HF,Massachusetts,0.921,0.936,0.905
HF,Massachusetts,1.016,0.982,0.881
HF,Massachusetts,1.065,1.064,0.847
HF,Massachusetts,1.12,1.066,1.125
HF,Massachusetts,1.07,1.14,1.063
HF,Massachusetts,0.989,0.996,0.923
HF,Massachusetts,0.997,1.072,0.926
HF,Massachusetts,0.975,0.985,0.908
HF,Massachusetts,1.066,1.089,1.032
HF,Massachusetts,1.022,1.119,1.116
HF,Massachusetts,1.039,1.047,1.014
HF,Massachusetts,1.049,1.023,1.097
HF,Massachusetts,0.91,0.925,1.021
HF,Massachusetts,1.039,1.071,0.963
HF,Massachusetts,1.048,1.073,1.067
HF,Massachusetts,0.988,0.946,1.032
HF,Massachusetts,1.071,1.05,0.913
HF,Massachusetts,0.952,0.938,1.03
HF,Massachusetts,0.927,0.947,0.957
HF,Massachusetts,0.94,0.919,1.021
HF,Massachusetts,1.053,1.096,0.867
HF,Massachusetts,1.068,1.019,0.962
HF,Massachusetts,0.924,0.931,1.054
HF,Massachusetts,1.097,1.131,0.912
HF,Massachusetts,0.896,1.063,1.055
HF,Maryland,1.166,1.229,1.097
HF,Maryland,1.042,1.049,0.869
HF,Maryland,1.092,1.027,0.902
HF,Maryland,1.12,1.086,0.781
HF,Maryland,0.946,1.079,0.971
HF,Maryland,1.158,1.118,0.988
HF,Maryland,1.041,1.008,1.01
HF,Maryland,0.931,0.93,0.946
HF,Maryland,1.212,1.185,1.002
HF,Maryland,1.072,1.084,0.948
HF,Maryland,1.028,1.009,1.049
HF,Maryland,1.024,1.068,1.021
HF,Maryland,1.033,0.994,0.967
HF,Maryland,1.007,1.019,1.061
HF,Maryland,0.925,1.012,1.034
HF,Maryland,1.058,1.026,0.964
HF,Maryland,0.977,1.009,0.97
HF,Maryland,0.941,0.941,0.935
HF,Maine,1.027,0.986,0.999
HF,Maine,0.909,0.922,0.986
HF,Maine,0.96,0.999,0.798
HF,Maine,1.04,0.94,0.975
HF,Maine,0.973,0.997,0.92
HF,Maine,0.899,0.836,1.047
HF,Maine,0.917,0.881,1.099
HF,Maine,0.93,0.987,0.947
HF,Maine,0.876,0.868,1.007
HF,Maine,0.856,0.898,1.12
HF,Michigan,1.149,1.166,0.909
HF,Michigan,1.066,1.11,1.007
HF,Michigan,1.064,1.1,1.076
HF,Michigan,1.074,1.078,0.97
HF,Michigan,1.077,1.054,0.953
HF,Michigan,0.947,0.938,0.999
HF,Michigan,0.834,0.865,0.948
HF,Michigan,1.027,1.025,1.065
HF,Michigan,1.02,0.991,1.166
HF,Michigan,0.981,0.896,0.933
HF,Michigan,0.997,1.044,0.98
HF,Michigan,0.936,0.976,0.924
HF,Michigan,0.882,0.983,1.066
HF,Michigan,0.934,0.893,0.976
HF,Michigan,0.997,1.017,1.151
HF,Michigan,1.021,1.037,0.994
HF,Michigan,0.998,0.996,0.931
HF,Michigan,0.955,0.999,0.896
HF,Michigan,0.956,0.915,1.049
HF,Michigan,0.936,0.881,1.068
HF,Michigan,0.986,0.969,1.041
HF,Michigan,0.889,0.864,1.042
HF,Michigan,0.912,0.891,1.097
HF,Michigan,0.991,0.956,1.073
HF,Michigan,0.994,1.03,0.95
HF,Michigan,0.881,0.788,0.999
HF,Michigan,0.849,0.864,1.079
HF,Minnesota,0.923,0.907,0.939
HF,Minnesota,1.027,0.99,1.108
HF,Minnesota,0.923,0.875,0.929
HF,Minnesota,1.07,1.094,1.016
HF,Minnesota,1.002,0.925,0.925
HF,Minnesota,1.114,1.071,1.126
HF,Minnesota,0.982,0.939,1.077
HF,Minnesota,0.887,0.91,0.997
HF,Minnesota,0.976,1.001,0.952
HF,Minnesota,1.046,1.031,1.029
HF,Minnesota,0.911,0.922,0.983
HF,Minnesota,1.004,0.974,1.015
HF,Minnesota,0.965,0.971,1.043
HF,Minnesota,0.916,0.935,0.946
HF,Minnesota,1.036,1.035,1.021
HF,Minnesota,0.897,0.881,0.929
HF,Minnesota,0.965,1.011,1.089
HF,Minnesota,0.931,0.923,1.007
HF,Minnesota,1.029,1.012,1.012
HF,Minnesota,0.99,0.984,0.992
HF,Minnesota,0.957,0.904,0.913
HF,Minnesota,0.955,0.987,1.035
HF,Missouri,1.105,1.074,0.98
HF,Missouri,1.061,1.059,0.955
HF,Missouri,1.008,0.959,0.979
HF,Missouri,1.012,1.014,0.888
HF,Missouri,0.971,1.046,1.004
HF,Missouri,1.041,1.007,0.965
HF,Missouri,0.992,0.953,1.031
HF,Missouri,0.981,1.055,0.973
HF,Missouri,0.948,0.998,0.987
HF,Missouri,1.093,1.086,1.004
HF,Missouri,0.96,0.997,1.115
HF,Missouri,1.117,1.109,0.964
HF,Missouri,0.988,0.967,1.021
HF,Missouri,0.951,0.969,0.949
HF,Missouri,0.927,0.997,1.052
HF,Missouri,0.987,0.978,0.903
HF,Missouri,0.933,0.943,0.831
HF,Missouri,1.116,1.074,0.998
HF,Missouri,0.94,0.956,0.972
HF,Missouri,0.899,0.901,0.965
HF,Missouri,1.001,0.958,1
HF,Missouri,0.971,0.962,0.909
HF,Missouri,0.925,0.971,0.877
HF,Missouri,1.047,1.115,1.057
HF,Missouri,0.94,0.937,0.972
HF,Missouri,0.966,0.957,0.951
HF,Missouri,0.944,0.954,0.941
HF,Missouri,0.91,0.854,1.048
HF,Missouri,1.069,1.113,1.109
HF,Missouri,1.018,1.01,1.068
HF,Missouri,0.815,0.781,0.957
HF,Mississippi,1.092,1.111,1.004
HF,Mississippi,1.187,1.117,0.962
HF,Mississippi,1.187,1.117,0.973
HF,Mississippi,1.187,1.117,1.084
HF,Mississippi,1.187,1.117,0.995
HF,Mississippi,1.187,1.117,1.032
HF,Mississippi,1.187,1.117,0.896
HF,Mississippi,1.187,1.117,0.87
HF,Mississippi,1.187,1.117,0.932
HF,Mississippi,1.125,1.129,0.838
HF,Mississippi,1.107,1.042,0.967
HF,Mississippi,1.139,1.108,1.035
HF,Mississippi,1.266,1.227,1.067
HF,Mississippi,1.081,1.052,1.004
HF,Mississippi,1.067,1.021,1.021
HF,Mississippi,1.086,1.04,1.019
HF,Mississippi,1.001,1.002,1.017
HF,Mississippi,1.109,1.065,1.033
HF,Mississippi,1.085,1.154,0.93
HF,Mississippi,1.046,1.026,0.827
HF,Mississippi,1.131,1.081,1.033
HF,Mississippi,1.097,1.051,0.973
HF,Mississippi,0.891,0.943,0.96
HF,Mississippi,1.047,0.987,0.999
HF,Montana,0.997,0.923,1.025
HF,Montana,0.794,0.756,0.918
HF,Montana,0.789,0.871,0.994
HF,North Carolina,0.987,1.077,1.012
HF,North Carolina,1.069,1.056,0.994
HF,North Carolina,0.968,0.972,0.982
HF,North Carolina,1.127,1.076,1.082
HF,North Carolina,0.952,0.949,0.993
HF,North Carolina,1.028,1.066,1.14
HF,North Carolina,1.04,1.043,0.97
HF,North Carolina,0.968,0.969,1.014
HF,North Carolina,1.04,0.978,1.115
HF,North Carolina,1.057,1.015,1.006
HF,North Carolina,0.94,0.952,1.089
HF,North Carolina,1.116,1.082,1.039
HF,North Carolina,1.186,1.181,1.122
HF,North Carolina,0.942,1.077,1.003
HF,North Carolina,0.939,0.95,1.057
HF,North Carolina,0.999,0.95,0.978
HF,North Carolina,1.033,1.057,1.051
HF,North Carolina,0.901,0.927,1.102
HF,North Carolina,0.999,0.974,1.08
HF,North Carolina,0.963,1.046,1.013
HF,North Carolina,1.084,1.04,0.958
HF,North Carolina,1.086,1.027,1.047
HF,North Carolina,0.985,0.979,1.01
HF,North Carolina,0.929,0.958,0.99
HF,North Carolina,0.942,0.982,0.953
HF,North Carolina,0.985,0.989,0.991
HF,North Carolina,0.986,1.044,1.069
HF,North Carolina,0.943,0.996,0.995
HF,North Carolina,1.056,1.015,1.033
HF,North Carolina,0.851,0.883,0.956
HF,North Carolina,0.971,1.022,1.042
HF,North Carolina,0.91,0.934,1.067
HF,North Carolina,0.888,0.756,0.989
HF,North Carolina,1.009,1.101,0.994
HF,North Carolina,0.873,0.796,1.031
HF,North Carolina,0.996,1.029,1.148
HF,North Carolina,0.858,0.857,1.055
HF,North Carolina,0.888,0.83,1.113
HF,North Dakota,0.985,1.007,1.147
HF,North Dakota,0.901,0.89,1.011
HF,Nebraska,1.097,0.97,1.014
HF,Nebraska,0.826,0.843,0.817
HF,Nebraska,1.142,1.021,0.918
HF,Nebraska,1.142,1.02,0.955
HF,Nebraska,1.033,1.046,0.995
HF,Nebraska,0.902,0.865,0.913
HF,New Hampshire,0.985,1.074,0.988
HF,New Hampshire,0.931,0.978,1.029
HF,New Hampshire,0.984,1.002,1.011
HF,New Hampshire,0.919,0.902,0.979
HF,New Hampshire,0.992,0.998,1.152
HF,New Hampshire,1.007,1.02,0.892
HF,New Hampshire,0.805,0.945,0.934
HF,New Hampshire,0.972,0.952,0.982
HF,New Hampshire,0.971,0.92,0.958
HF,New Jersey,1.15,1.146,1.033
HF,New Jersey,1.107,1.115,1.064
HF,New Jersey,1.081,1.089,0.871
HF,New Jersey,1.06,1.09,1.029
HF,New Jersey,1.133,1.102,1.01
HF,New Jersey,1.122,1.054,1.044
HF,New Jersey,1.079,1.081,0.775
HF,New Jersey,1.034,0.974,1.093
HF,New Jersey,1.095,1.061,1.043
HF,New Jersey,0.967,0.926,0.924
HF,New Jersey,1.089,1.057,1.029
HF,New Jersey,1.119,1.102,1.093
HF,New Jersey,1.007,1.051,1.044
HF,New Jersey,1.179,1.116,1.029
HF,New Jersey,1.099,1.042,1.114
HF,New Jersey,1.199,1.129,1.058
HF,New Jersey,1.074,1.044,1.017
HF,New Jersey,1.021,1.016,1.002
HF,New Jersey,0.891,0.97,1.233
HF,New Jersey,1.076,1.077,1.085
HF,New Jersey,1.044,0.945,0.963
HF,New Jersey,1.051,1.026,0.917
HF,New Jersey,1.009,1.01,0.926
HF,New Jersey,1.022,0.982,1.11
HF,New Jersey,0.983,0.984,1.012
HF,New Jersey,0.87,0.92,0.904
HF,New Mexico,0.933,0.932,1.001
HF,New Mexico,1.045,1.016,0.988
HF,New Mexico,1.014,1.01,1.137
HF,New Mexico,0.961,0.918,0.9
HF,New Mexico,0.966,0.893,1.034
HF,New Mexico,0.938,0.966,0.874
HF,New Mexico,0.977,0.97,0.853
HF,New Mexico,0.962,0.878,0.937
HF,New Mexico,0.981,0.959,1.033
HF,New Mexico,0.929,0.952,0.946
HF,New Mexico,1.1,1.143,1.099
HF,New Mexico,0.908,0.988,1.008
HF,New Mexico,0.989,0.989,1.004
HF,New Mexico,1.02,0.931,0.995
HF,New Mexico,1.074,1.036,1.144
HF,New Mexico,0.991,0.972,1.009
HF,New Mexico,0.966,0.984,0.989
HF,New Mexico,0.844,0.886,1.031
HF,Nevada,1.091,1.056,0.992
HF,Nevada,1.05,1.001,1.019
HF,Nevada,1.057,1.022,1.004
HF,Nevada,1.031,1.035,1.004
HF,Nevada,0.982,1.046,0.925
HF,Nevada,1.139,1.056,0.98
HF,Nevada,0.917,0.877,0.923
HF,Nevada,0.977,0.976,1.004
HF,Nevada,1.047,1.084,0.948
HF,Nevada,0.963,1.002,1.067
HF,Nevada,0.994,0.961,0.942
HF,Nevada,1.134,1.141,0.952
HF,Nevada,1.129,1.134,1.073
HF,New York,1.213,1.253,0.971
HF,New York,1.175,1.25,1.058
HF,New York,1.12,1.094,0.957
HF,New York,1.176,1.18,0.915
HF,New York,1.199,1.155,0.909
HF,New York,1.078,1.07,1.01
HF,New York,0.953,0.959,1.06
HF,New York,1.147,1.126,1.065
HF,New York,1.197,1.212,1.047
HF,New York,1.036,1.057,0.918
HF,New York,1.017,0.972,1.057
HF,New York,0.956,1.045,0.942
HF,New York,1.093,1.118,1.061
HF,New York,1.079,1.062,1.098
HF,New York,1.193,1.184,1.165
HF,New York,0.999,1.008,1.091
HF,New York,1.181,1.156,0.976
HF,New York,1.146,1.07,1.025
HF,New York,1.067,1.12,1.077
HF,New York,0.902,0.921,1.112
HF,New York,1.034,1.048,1
HF,New York,1.006,0.956,0.972
HF,New York,1.037,1.11,1.188
HF,New York,1.146,1.107,0.934
HF,New York,0.885,0.867,1.081
HF,New York,1.081,1.114,0.841
HF,New York,1.067,1.048,0.979
HF,New York,1.028,0.999,1.075
HF,New York,0.964,0.966,0.907
HF,New York,1.197,1.142,1.061
HF,New York,1.015,1.139,1.136
HF,New York,1.049,1.052,1.051
HF,New York,1.092,1.059,1.047
HF,New York,1.085,1.094,0.917
HF,New York,0.987,1.05,1.091
HF,New York,1.04,1.048,1.067
HF,New York,1.061,1.067,1.006
HF,New York,0.993,0.934,1.042
HF,New York,1.01,1.032,1.143
HF,New York,1.068,1.072,1.017
HF,New York,1.074,1.001,0.976
HF,New York,0.967,0.988,0.997
HF,New York,1.091,1.078,1.053
HF,New York,0.987,0.954,1.004
HF,New York,1.028,1.03,0.987
HF,New York,1.102,1.073,1.1
HF,New York,0.967,0.935,1.042
HF,New York,0.938,0.926,1.035
HF,New York,1.061,1.06,1.068
HF,New York,0.977,1.035,0.995
HF,New York,0.972,1.042,1.041
HF,New York,1.01,1.065,1.138
HF,New York,1.069,1.121,1.02
HF,New York,1.085,1.104,0.875
HF,New York,0.998,1.008,0.822
HF,New York,0.853,0.859,1.014
HF,New York,0.962,1,1
HF,Ohio,1.096,1.043,0.935
HF,Ohio,1.014,1.007,0.945
HF,Ohio,1.068,1.131,0.969
HF,Ohio,1.045,1.013,1.072
HF,Ohio,1.053,1.054,0.931
HF,Ohio,0.977,0.969,1.137
HF,Ohio,0.993,1.024,1.077
HF,Ohio,1.024,1.081,1.121
HF,Ohio,0.972,1.004,0.978
HF,Ohio,0.929,1.006,1.139
HF,Ohio,1.002,1.048,1.037
HF,Ohio,0.95,1.007,1.137
HF,Ohio,0.956,0.968,0.881
HF,Ohio,1.08,1.079,1.106
HF,Ohio,0.911,0.894,1.049
HF,Ohio,0.904,0.957,1.034
HF,Ohio,1.024,1.042,1.098
HF,Ohio,1.186,1.107,1.062
HF,Ohio,0.978,0.931,0.897
HF,Ohio,1.014,0.968,0.99
HF,Ohio,0.978,0.985,1.07
HF,Ohio,0.812,0.818,1.106
HF,Ohio,1.008,0.923,1.091
HF,Ohio,1.067,1.077,1.097
HF,Ohio,1.013,1.006,1.061
HF,Ohio,0.904,0.933,1.072
HF,Ohio,1.021,1.083,1.088
HF,Ohio,0.987,0.951,1.171
HF,Ohio,0.951,0.95,1.115
HF,Ohio,0.932,0.934,1
HF,Ohio,1.074,1.019,1.125
HF,Ohio,0.996,0.983,0.935
HF,Ohio,1.024,0.99,1.079
HF,Ohio,0.994,1.057,0.885
HF,Ohio,1.048,0.993,0.993
HF,Ohio,0.912,0.888,0.981
HF,Ohio,1.007,1.082,1.109
HF,Ohio,0.895,1.004,0.93
HF,Ohio,0.971,1.012,1.002
HF,Ohio,0.881,0.869,1.146
HF,Ohio,0.893,0.937,1.131
HF,Oklahoma,1.087,1.084,0.987
HF,Oklahoma,1.054,1.085,0.916
HF,Oklahoma,0.935,0.976,0.999
HF,Oklahoma,0.977,0.978,1.109
HF,Oklahoma,0.919,0.868,1.032
HF,Oklahoma,1.156,1.224,0.964
HF,Oklahoma,0.994,1.03,1.029
HF,Oklahoma,1.089,1.079,0.955
HF,Oklahoma,0.92,0.86,0.931
HF,Oklahoma,1.001,1.019,1.149
HF,Oklahoma,0.98,1.013,1.089
HF,Oklahoma,1.006,1.04,1.085
HF,Oklahoma,0.956,0.959,1.061
HF,Oklahoma,1.025,1.039,1.082
HF,Oklahoma,0.96,0.937,0.905
HF,Oklahoma,1.018,0.976,0.968
HF,Oklahoma,0.887,0.891,1.063
HF,Oklahoma,0.953,0.976,1.163
HF,Oklahoma,1.03,1.007,1.056
HF,Oklahoma,1.054,1.067,1.082
HF,Oklahoma,1.026,1.002,1.039
HF,Oklahoma,1.05,1.056,1.094
HF,Oklahoma,0.949,0.871,0.957
HF,Oklahoma,0.981,1.003,1.09
HF,Oklahoma,1.044,1.029,0.908
HF,Oklahoma,1.109,1.108,1.161
HF,Oregon,0.939,0.96,0.929
HF,Oregon,0.891,0.934,1.088
HF,Oregon,0.897,0.94,1.105
HF,Oregon,0.946,0.937,1.17
HF,Oregon,0.974,1.049,1.083
HF,Oregon,0.933,0.965,1.003
HF,Oregon,0.89,0.842,0.915
HF,Oregon,0.813,0.818,1.073
HF,Oregon,0.928,0.916,1.07
HF,Oregon,0.984,0.981,0.98
HF,Oregon,0.952,0.909,0.904
HF,Oregon,0.935,0.889,1.052
HF,Oregon,0.921,0.895,0.945
HF,Oregon,0.969,0.949,1.054
HF,Oregon,0.943,0.917,1.165
HF,Oregon,0.845,0.847,0.964
HF,Oregon,0.976,0.984,1.097
HF,Oregon,0.887,0.937,1.071
HF,Pennsylvania,1.09,1.097,1.007
HF,Pennsylvania,1.14,1.101,0.897
HF,Pennsylvania,1.092,1.019,0.904
HF,Pennsylvania,1.09,1.091,0.902
HF,Pennsylvania,1.165,1.151,1.107
HF,Pennsylvania,0.937,0.944,1.116
HF,Pennsylvania,1.15,1.062,0.929
HF,Pennsylvania,1.189,1.125,1.089
HF,Pennsylvania,0.858,0.876,1.052
HF,Pennsylvania,1.024,0.959,0.966
HF,Pennsylvania,1.034,1,1.058
HF,Pennsylvania,1.053,1.025,0.979
HF,Pennsylvania,1.188,1.135,0.994
HF,Pennsylvania,0.992,1.016,1.01
HF,Pennsylvania,0.92,0.976,1.095
HF,Pennsylvania,1.031,1.005,1.137
HF,Pennsylvania,0.933,0.963,1.044
HF,Pennsylvania,1.112,1.028,1.278
HF,Pennsylvania,1.018,1.086,1.035
HF,Pennsylvania,1.122,1.031,0.956
HF,Pennsylvania,0.928,0.916,0.977
HF,Pennsylvania,0.959,0.889,1.111
HF,Pennsylvania,1.028,1.02,1.144
HF,Pennsylvania,1.039,1.001,0.901
HF,Pennsylvania,1.056,1.007,1.034
HF,Pennsylvania,1.141,1.166,1.085
HF,Pennsylvania,0.956,0.982,1.14
HF,Pennsylvania,0.934,0.947,1.153
HF,Pennsylvania,1.098,1.085,1.174
HF,Pennsylvania,0.947,0.892,1.032
HF,Pennsylvania,1.051,1.125,0.96
HF,Pennsylvania,1.002,1.123,1.187
HF,Pennsylvania,1.109,1.125,1.008
HF,Pennsylvania,0.898,0.914,0.903
HF,Pennsylvania,1.025,1.009,1.139
HF,Pennsylvania,0.956,0.939,1.074
HF,Pennsylvania,1.075,1.041,1.191
HF,Pennsylvania,1.036,1.088,0.978
HF,Pennsylvania,0.994,1.045,1.06
HF,Pennsylvania,0.927,0.881,1.103
HF,Pennsylvania,0.964,0.906,0.961
HF,Pennsylvania,0.987,1.001,1.052
HF,Pennsylvania,0.883,0.913,0.899
HF,Pennsylvania,0.977,0.969,1.208
HF,Pennsylvania,0.931,0.945,1.06
HF,Pennsylvania,0.871,0.914,0.977
HF,Pennsylvania,1.137,1.096,1.043
HF,Pennsylvania,0.919,0.918,1.046
HF,Pennsylvania,0.878,0.926,0.996
HF,Pennsylvania,1.024,1.037,1.093
HF,Pennsylvania,1.041,1.053,0.926
HF,Pennsylvania,1.025,1.04,0.978
HF,Pennsylvania,1.063,1.057,1.068
HF,Pennsylvania,0.937,0.889,0.892
HF,Pennsylvania,0.97,1.007,1.021
HF,Pennsylvania,0.819,0.757,1.078
HF,Pennsylvania,0.92,0.947,0.959
HF,Pennsylvania,1.063,1.067,1.051
HF,Pennsylvania,1.002,1.006,1.007
HF,Pennsylvania,0.786,0.746,1.033
HF,Pennsylvania,0.826,0.848,0.943
HF,Pennsylvania,1.146,1.091,0.996
HF,Rhode Island,1.158,1.174,1.128
HF,Rhode Island,0.971,0.964,1.016
HF,Rhode Island,1.056,1.022,0.947
HF,South Carolina,0.985,1.049,0.949
HF,South Carolina,1.112,1.057,1.159
HF,South Carolina,0.912,0.835,1.225
HF,South Carolina,0.999,1.012,0.944
HF,South Carolina,0.985,0.991,1.112
HF,South Carolina,1.045,1.142,1.069
HF,South Carolina,0.998,1.045,1.028
HF,South Carolina,1.069,0.991,1.137
HF,South Carolina,1.099,1.138,1.138
HF,South Carolina,0.885,0.953,1.067
HF,South Carolina,1.028,0.966,0.949
HF,South Carolina,0.984,0.976,1.092
HF,South Carolina,0.973,0.984,0.901
HF,South Carolina,0.985,0.997,1.16
HF,South Carolina,0.983,0.943,1.153
HF,South Carolina,0.946,0.932,1.05
HF,South Carolina,0.915,0.994,1.015
HF,South Carolina,0.895,0.858,0.902
HF,South Carolina,1.081,1.062,1.042
HF,South Carolina,0.996,1,0.902
HF,South Carolina,0.979,0.968,1.131
HF,South Carolina,0.959,0.953,0.927
HF,South Dakota,1.043,1.056,1.168
HF,South Dakota,0.857,0.846,0.982
HF,South Dakota,0.917,0.943,1.093
HF,South Dakota,0.974,0.943,1.022
HF,South Dakota,1.031,1.02,1.065
HF,South Dakota,0.965,0.918,0.942
HF,South Dakota,0.877,0.881,1.103
HF,Tennesse,1.045,1.109,1.103
HF,Tennesse,1.017,1.044,1.055
HF,Tennesse,1.062,0.972,0.976
HF,Tennesse,0.984,1.111,0.871
HF,Tennesse,1.063,1.054,1.021
HF,Tennesse,1.056,1.021,0.928
HF,Tennesse,1.093,1.066,0.99
HF,Tennesse,0.976,0.982,1.163
HF,Tennesse,0.917,0.966,1.109
HF,Tennesse,0.971,0.936,1.034
HF,Tennesse,1.087,1.114,1.077
HF,Tennesse,1.092,1.025,1.037
HF,Tennesse,1.104,1.052,1.052
HF,Tennesse,1.076,1.016,0.959
HF,Tennesse,0.999,1.091,1.006
HF,Tennesse,1.019,1.074,1.06
HF,Tennesse,1.026,1.066,1.073
HF,Tennesse,1.045,1.036,0.847
HF,Tennesse,1.05,1.099,0.997
HF,Tennesse,0.871,0.871,0.84
HF,Tennesse,0.997,0.949,1.238
HF,Tennesse,1.135,1.094,1.089
HF,Tennesse,1.119,1.115,1.159
HF,Tennesse,0.89,0.9,1.09
HF,Tennesse,1.055,1.033,1.161
HF,Tennesse,0.985,0.977,0.999
HF,Tennesse,1.002,1.04,1.041
HF,Tennesse,0.978,0.949,1.16
HF,Tennesse,0.982,1.059,0.967
HF,Tennesse,0.949,0.954,1.021
HF,Tennesse,0.992,1.008,1.02
HF,Tennesse,0.921,0.99,1.021
HF,Tennesse,0.971,1.041,0.88
HF,Tennesse,0.956,0.968,1.063
HF,Tennesse,0.926,1.036,1.121
HF,Tennesse,0.924,0.869,1.13
HF,Tennesse,0.986,0.928,1.034
HF,Tennesse,0.995,1.006,1.13
HF,Tennesse,0.976,0.975,1.032
HF,Tennesse,0.978,0.975,1.048
HF,Texas,1.073,1.098,1.022
HF,Texas,0.934,0.985,1.121
HF,Texas,1.113,1.133,0.865
HF,Texas,1.087,1.039,1.007
HF,Texas,0.869,0.926,1.019
HF,Texas,1.054,1.056,1.014
HF,Texas,1.016,1.06,1.113
HF,Texas,1.148,1.155,0.982
HF,Texas,1.039,1.042,0.902
HF,Texas,0.972,0.979,0.892
HF,Texas,1.03,1.145,0.936
HF,Texas,0.963,1.022,0.99
HF,Texas,1.028,0.981,0.969
HF,Texas,1.058,1.054,1.022
HF,Texas,0.977,0.947,1
HF,Texas,0.969,0.945,0.95
HF,Texas,0.981,0.877,1.002
HF,Texas,0.932,0.922,1.109
HF,Texas,1.017,1.023,1.115
HF,Texas,0.934,0.903,1.111
HF,Texas,0.939,0.98,0.957
HF,Texas,0.937,0.91,1.115
HF,Texas,0.974,0.984,1.037
HF,Texas,0.938,1.052,1.02
HF,Texas,0.979,0.966,1.065
HF,Texas,1.027,1.073,1.008
HF,Texas,0.964,0.974,1.056
HF,Texas,0.939,0.967,0.989
HF,Texas,0.889,0.976,1.08
HF,Texas,0.977,0.977,0.978
HF,Texas,1.011,1.051,0.947
HF,Texas,0.932,0.988,1.011
HF,Texas,1.125,1.149,0.92
HF,Texas,1.067,1.065,0.895
HF,Texas,1.002,0.983,1.031
HF,Texas,1.048,1.067,0.979
HF,Texas,0.964,0.939,0.986
HF,Texas,1.175,1.094,1.116
HF,Texas,1.192,1.143,1.023
HF,Texas,1.041,1.013,0.961
HF,Texas,1.033,0.931,1.006
HF,Texas,0.968,0.936,0.98
HF,Texas,0.966,0.977,1.035
HF,Texas,0.909,0.796,1.115
HF,Texas,1.034,1.109,1.157
HF,Texas,1.081,1.098,0.943
HF,Texas,1.027,0.992,1.131
HF,Texas,0.955,0.967,1.089
HF,Texas,0.92,0.834,1.125
HF,Texas,1.037,1.005,1.07
HF,Texas,1.08,1.027,1.071
HF,Texas,0.904,0.892,1.032
HF,Texas,1.079,1.02,1.06
HF,Texas,0.919,0.924,0.93
HF,Texas,1.026,1.02,0.909
HF,Texas,1,1.033,1.033
HF,Texas,1.194,1.15,0.973
HF,Texas,1.025,1.038,0.994
HF,Texas,1.051,1.023,1.026
HF,Texas,1.023,0.974,1.025
HF,Texas,0.969,0.987,1.019
HF,Texas,0.987,0.964,1.054
HF,Texas,0.949,0.954,1.125
HF,Texas,1.012,1.007,1.043
HF,Texas,0.976,0.88,1.019
HF,Texas,1.058,1.108,1.062
HF,Texas,0.953,0.953,1.098
HF,Texas,1.003,0.955,1.071
HF,Texas,1.054,0.993,1.006
HF,Texas,0.996,0.972,0.991
HF,Texas,0.876,0.895,1.074
HF,Texas,1.044,1.123,1.054
HF,Texas,0.918,0.948,1.174
HF,Texas,1.038,1.071,1.118
HF,Texas,0.966,1.089,0.941
HF,Texas,0.96,0.923,1.136
HF,Texas,0.999,1.032,1.083
HF,Texas,1.056,1.054,0.926
HF,Texas,0.958,0.957,0.904
HF,Texas,1.037,0.995,0.976
HF,Texas,1.069,1.033,1.006
HF,Texas,0.94,0.978,1.211
HF,Texas,1.003,0.996,1.086
HF,Texas,1.001,1.002,0.909
HF,Texas,1.014,0.974,1.121
HF,Texas,1.009,0.997,0.969
HF,Texas,0.965,0.988,0.941
HF,Texas,1.032,1.11,1.13
HF,Texas,0.958,0.942,0.949
HF,Texas,0.993,1.012,0.94
HF,Texas,0.892,0.902,0.912
HF,Texas,1.073,1.056,1.066
HF,Texas,0.978,0.97,1.057
HF,Texas,0.97,1.002,1.148
HF,Texas,1.032,1.048,1.176
HF,Texas,0.914,0.89,0.949
HF,Texas,0.987,0.982,0.967
HF,Texas,0.988,0.941,1.138
HF,Texas,0.998,1.002,0.999
HF,Texas,1.069,1.058,0.957
HF,Texas,0.957,0.891,0.965
HF,Texas,0.965,0.983,0.983
HF,Texas,1.081,1.064,1.157
HF,Texas,1.062,1.093,1.004
HF,Texas,0.971,0.983,1.09
HF,Texas,0.934,0.944,1.013
HF,Texas,1.071,1.039,0.995
HF,Texas,0.977,0.939,0.967
HF,Texas,0.994,0.96,0.989
HF,Texas,0.994,0.963,1.129
HF,Texas,0.997,0.961,1.036
HF,Texas,0.919,0.923,1.042
HF,Texas,0.864,0.931,1.013
HF,Texas,0.899,0.862,1.043
HF,Texas,0.91,0.918,0.988
HF,Texas,0.959,0.962,1.075
HF,Texas,0.894,0.922,1.145
HF,Texas,1.004,1.034,1.017
HF,Texas,0.977,0.988,1.122
HF,Texas,0.999,0.954,1.044
HF,Texas,0.988,0.971,1.18
HF,Texas,0.989,1.01,0.962
HF,Texas,0.99,1.018,1.036
HF,Texas,1.013,1.033,1.026
HF,Texas,0.951,0.981,1.088
HF,Texas,0.974,1.002,1.03
HF,Texas,0.985,1.024,0.958
HF,Texas,0.965,0.972,1.139
HF,Texas,0.937,1.005,0.991
HF,Texas,1.005,0.914,1.041
HF,Texas,1.033,0.989,1.021
HF,Texas,1.054,1.054,1.047
HF,Texas,1.032,0.984,1.004
HF,Texas,0.891,0.892,1.03
HF,Texas,0.904,0.865,1.14
HF,Texas,0.87,0.842,1.071
HF,Texas,0.936,0.963,1.046
HF,Texas,0.903,0.943,0.952
HF,Texas,0.876,0.871,0.933
HF,Texas,0.886,0.847,1.131
HF,Utah,1.001,1.002,1.093
HF,Utah,0.945,0.902,0.96
HF,Utah,1.001,1.002,0.987
HF,Utah,0.946,1.038,1.061
HF,Utah,0.907,0.89,1.03
HF,Utah,1.001,1.002,1.011
HF,Utah,0.947,0.901,1.149
HF,Utah,1.001,1.002,1.051
HF,Utah,1.001,1.002,1.065
HF,Utah,0.952,0.972,1.093
HF,Utah,0.927,0.943,1.043
HF,Utah,0.864,0.786,1.086
HF,Utah,0.92,0.928,0.985
HF,Utah,0.97,1.007,1.089
HF,Utah,0.897,0.898,0.927
HF,Utah,0.964,1.006,1.074
HF,Utah,0.956,0.995,0.958
HF,Virginia,0.938,0.929,1.011
HF,Virginia,1.056,1.077,0.869
HF,Virginia,0.925,0.986,0.954
HF,Virginia,1.125,1.119,0.992
HF,Virginia,1.146,1.218,1.028
HF,Virginia,1.235,1.196,0.948
HF,Virginia,1.055,1.031,0.917
HF,Virginia,1.037,1.004,1.047
HF,Virginia,1.081,1.166,1.144
HF,Virginia,1.043,1.057,0.928
HF,Virginia,0.999,0.942,1.005
HF,Virginia,0.879,0.897,0.982
HF,Virginia,1.031,0.99,0.958
HF,Virginia,1.007,0.969,1.043
HF,Virginia,1.061,0.956,1.012
HF,Virginia,0.891,0.903,0.937
HF,Virginia,1.103,1.073,1.105
HF,Virginia,0.956,0.944,1.052
HF,Virginia,1.016,1.04,0.947
HF,Virginia,0.96,0.975,1.05
HF,Virginia,0.902,0.934,1.088
HF,Virginia,0.982,0.981,1.075
HF,Virginia,1.054,1.052,1.127
HF,Virginia,1.013,1.039,0.995
HF,Virginia,0.995,0.998,1
HF,Virginia,0.9,0.924,0.987
HF,Virginia,0.803,0.852,0.959
HF,Virginia,1.039,0.938,1.031
HF,Virginia,1.025,1.028,1.03
HF,Virginia,0.916,0.907,1.019
HF,Virginia,0.993,0.998,1.103
HF,Virginia,0.838,0.89,1
HF,Virginia,0.987,1.014,0.999
HF,Virginia,0.973,0.944,0.974
HF,Virginia,1.033,0.998,0.992
HF,Virginia,1.044,1.073,1.05
HF,Vermont,0.953,0.978,1.077
HF,Vermont,0.946,1.047,1.014
HF,Washington,1.06,1.15,1.045
HF,Washington,0.943,0.968,0.937
HF,Washington,0.961,1.007,0.975
HF,Washington,0.921,0.908,0.963
HF,Washington,1.079,1.002,1.038
HF,Washington,1.089,1.046,0.99
HF,Washington,1.067,1.081,0.906
HF,Washington,0.963,0.991,0.99
HF,Washington,0.825,0.893,0.991
HF,Washington,1.001,1.046,1.055
HF,Washington,0.997,0.978,0.867
HF,Washington,0.914,0.982,0.992
HF,Washington,0.916,0.988,1.149
HF,Washington,1.025,1.066,1.066
HF,Washington,1.037,0.997,1.029
HF,Washington,0.825,0.879,1.025
HF,Washington,0.916,0.905,0.86
HF,Washington,0.905,0.891,0.919
HF,Washington,0.837,0.843,0.944
HF,Washington,0.947,0.977,0.885
HF,Washington,0.842,0.804,1.203
HF,Wisconsin,1.049,1.061,0.963
HF,Wisconsin,1.007,1.039,0.931
HF,Wisconsin,0.923,0.847,1.162
HF,West Virginia,1.01,1.003,1.024
HF,West Virginia,1.106,1.116,0.96
HF,West Virginia,1.091,1.072,0.966
HF,West Virginia,1.015,1.074,1.25
HF,West Virginia,1.092,1.164,1.015
HF,West Virginia,1.111,1.139,1.001
HF,West Virginia,1.055,1.044,0.907
HF,West Virginia,1.098,1.052,1.035
HF,West Virginia,1.111,1.032,0.911
HF,West Virginia,1.028,1,1.011
HF,West Virginia,1.001,1.002,0.965
HF,West Virginia,1.066,1.063,1.053
HF,West Virginia,0.958,0.952,0.955
HF,West Virginia,1.075,1.011,1.093
HF,West Virginia,0.972,0.994,1.013
HF,Wyoming,1.022,1.003,1.07
HF,Wyoming,1.001,1.002,1.085
HF,Wyoming,0.931,0.892,0.931
HF,Wyoming,0.908,0.89,0.914
HF,Wyoming,1.015,1.017,1.016
HF,Wyoming,1.026,1.051,0.993
