Alaska,2013,yes,2
Alaska,2013,no,3
Alaska,2014,yes,3
Alaska,2014,no,2
Alaska,2015,yes,5
Alaska,2015,no,0
Alabama,2013,yes,33
Alabama,2013,no,18
Alabama,2014,yes,42
Alabama,2014,no,9
Alabama,2015,yes,41
Alabama,2015,no,10
Arkansas,2013,yes,19
Arkansas,2013,no,2
Arkansas,2014,yes,19
Arkansas,2014,no,2
Arkansas,2015,yes,13
Arkansas,2015,no,8
Arizona,2013,yes,19
Arizona,2013,no,6
Arizona,2014,yes,16
Arizona,2014,no,9
Arizona,2015,yes,22
Arizona,2015,no,3
California,2013,yes,108
California,2013,no,42
California,2014,yes,108
California,2014,no,42
California,2015,yes,114
California,2015,no,27
Colorado,2013,yes,11
Colorado,2013,no,10
Colorado,2014,yes,9
Colorado,2014,no,12
Colorado,2015,yes,19
Colorado,2015,no,2
Connecticut,2013,yes,13
Connecticut,2013,no,4
Connecticut,2014,yes,12
Connecticut,2014,no,6
Connecticut,2015,yes,15
Connecticut,2015,no,3
Delaware,2013,yes,0
Delaware,2013,no,1
Delaware,2014,yes,0
Delaware,2014,no,1
Delaware,2015,yes,1
Delaware,2015,no,0
Florida,2013,yes,80
Florida,2013,no,21
Florida,2014,yes,82
Florida,2014,no,19
Florida,2015,yes,84
Florida,2015,no,17
Georgia,2013,yes,42
Georgia,2013,no,13
Georgia,2014,yes,38
Georgia,2014,no,17
Georgia,2015,yes,39
Georgia,2015,no,16
Hawaii,2013,yes,6
Hawaii,2013,no,1
Hawaii,2014,yes,5
Hawaii,2014,no,2
Hawaii,2015,yes,7
Hawaii,2015,no,0
Iowa,2013,yes,5
Iowa,2013,no,5
Iowa,2014,yes,5
Iowa,2014,no,5
Iowa,2015,yes,9
Iowa,2015,no,1
Idaho,2013,yes,0
Idaho,2013,no,13
Idaho,2014,yes,8
Idaho,2014,no,5
Idaho,2015,yes,10
Idaho,2015,no,3
Illinois,2013,yes,57
Illinois,2013,no,6
Illinois,2014,yes,58
Illinois,2014,no,5
Illinois,2015,yes,53
Illinois,2015,no,2
Kansas,2013,yes,16
Kansas,2013,no,7
Kansas,2014,yes,18
Kansas,2014,no,5
Kansas,2015,yes,21
Kansas,2015,no,2
Kentucky,2013,yes,28
Kentucky,2013,no,8
Kentucky,2014,yes,30
Kentucky,2014,no,6
Kentucky,2015,yes,31
Kentucky,2015,no,5
Louisiana,2013,yes,28
Louisiana,2013,no,7
Louisiana,2014,yes,28
Louisiana,2014,no,7
Louisiana,2015,yes,24
Louisiana,2015,no,11
Massachusetts,2013,yes,26
Massachusetts,2013,no,3
Massachusetts,2014,yes,27
Massachusetts,2014,no,2
Massachusetts,2015,yes,21
Massachusetts,2015,no,8
Maryland,2013,yes,0
Maryland,2013,no,18
Maryland,2014,yes,0
Maryland,2014,no,18
Maryland,2015,yes,16
Maryland,2015,no,2
Maine,2013,yes,4
Maine,2013,no,6
Maine,2014,yes,6
Maine,2014,no,4
Maine,2015,yes,6
Maine,2015,no,4
Michigan,2013,yes,18
Michigan,2013,no,9
Michigan,2014,yes,19
Michigan,2014,no,8
Michigan,2015,yes,24
Michigan,2015,no,3
Minnesota,2013,yes,14
Minnesota,2013,no,8
Minnesota,2014,yes,12
Minnesota,2014,no,10
Minnesota,2015,yes,19
Minnesota,2015,no,3
Missouri,2013,yes,20
Missouri,2013,no,11
Missouri,2014,yes,21
Missouri,2014,no,10
Missouri,2015,yes,23
Missouri,2015,no,8
Mississippi,2013,yes,23
Mississippi,2013,no,1
Mississippi,2014,yes,21
Mississippi,2014,no,2
Mississippi,2015,yes,15
Mississippi,2015,no,9
Montana,2013,yes,1
Montana,2013,no,2
Montana,2014,yes,0
Montana,2014,no,3
Montana,2015,yes,3
Montana,2015,no,1
North Carolina,2013,yes,28
North Carolina,2013,no,10
North Carolina,2014,yes,31
North Carolina,2014,no,7
North Carolina,2015,yes,37
North Carolina,2015,no,1
North Dakota,2013,yes,1
North Dakota,2013,no,1
North Dakota,2014,yes,1
North Dakota,2014,no,1
North Dakota,2015,yes,2
North Dakota,2015,no,0
Nebraska,2013,yes,4
Nebraska,2013,no,2
Nebraska,2014,yes,4
Nebraska,2014,no,2
Nebraska,2015,yes,4
Nebraska,2015,no,2
New Hampshire,2013,yes,6
New Hampshire,2013,no,3
New Hampshire,2014,yes,4
New Hampshire,2014,no,7
New Hampshire,2015,yes,11
New Hampshire,2015,no,4
New Jersey,2013,yes,26
New Jersey,2013,no,0
New Jersey,2014,yes,24
New Jersey,2014,no,2
New Jersey,2015,yes,24
New Jersey,2015,no,2
New Mexico,2013,yes,7
New Mexico,2013,no,11
New Mexico,2014,yes,9
New Mexico,2014,no,9
New Mexico,2015,yes,14
New Mexico,2015,no,4
Nevada,2013,yes,11
Nevada,2013,no,2
Nevada,2014,yes,11
Nevada,2014,no,2
Nevada,2015,yes,7
Nevada,2015,no,6
New York,2013,yes,51
New York,2013,no,6
New York,2014,yes,51
New York,2014,no,6
New York,2015,yes,53
New York,2015,no,4
Ohio,2013,yes,28
Ohio,2013,no,13
Ohio,2014,yes,33
Ohio,2014,no,8
Ohio,2015,yes,39
Ohio,2015,no,2
Oklahoma,2013,yes,21
Oklahoma,2013,no,5
Oklahoma,2014,yes,21
Oklahoma,2014,no,5
Oklahoma,2015,yes,26
Oklahoma,2015,no,0
Oregon,2013,yes,5
Oregon,2013,no,13
Oregon,2014,yes,6
Oregon,2014,no,12
Oregon,2015,yes,18
Oregon,2015,no,0
Pennsylvania,2013,yes,47
Pennsylvania,2013,no,15
Pennsylvania,2014,yes,47
Pennsylvania,2014,no,15
Pennsylvania,2015,yes,58
Pennsylvania,2015,no,4
Rhode Island,2013,yes,3
Rhode Island,2013,no,0
Rhode Island,2014,yes,2
Rhode Island,2014,no,1
Rhode Island,2015,yes,3
Rhode Island,2015,no,0
South Carolina,2013,yes,12
South Carolina,2013,no,10
South Carolina,2014,yes,12
South Carolina,2014,no,10
South Carolina,2015,yes,19
South Carolina,2015,no,3
South Dakota,2013,yes,2
South Dakota,2013,no,5
South Dakota,2014,yes,2
South Dakota,2014,no,5
South Dakota,2015,yes,0
South Dakota,2015,no,7
Tennesse,2013,yes,28
Tennesse,2013,no,12
Tennesse,2014,yes,36
Tennesse,2014,no,4
Tennesse,2015,yes,35
Tennesse,2015,no,5
Texas,2013,yes,98
Texas,2013,no,42
Texas,2014,yes,92
Texas,2014,no,48
Texas,2015,yes,135
Texas,2015,no,5
Utah,2013,yes,1
Utah,2013,no,16
Utah,2014,yes,4
Utah,2014,no,13
Utah,2015,yes,16
Utah,2015,no,1
Virginia,2013,yes,30
Virginia,2013,no,6
Virginia,2014,yes,28
Virginia,2014,no,8
Virginia,2015,yes,36
Virginia,2015,no,0
Vermont,2013,yes,0
Vermont,2013,no,2
Vermont,2014,yes,1
Vermont,2014,no,1
Vermont,2015,yes,2
Vermont,2015,no,0
Washington,2013,yes,12
Washington,2013,no,9
Washington,2014,yes,11
Washington,2014,no,10
Washington,2015,yes,19
Washington,2015,no,2
Wisconsin,2013,yes,2
Wisconsin,2013,no,1
Wisconsin,2014,yes,2
Wisconsin,2014,no,1
Wisconsin,2015,yes,2
Wisconsin,2015,no,1
West Virginia,2013,yes,14
West Virginia,2013,no,1
West Virginia,2014,yes,14
West Virginia,2014,no,1
West Virginia,2015,yes,12
West Virginia,2015,no,3
Wyoming,2013,yes,3
Wyoming,2013,no,3
Wyoming,2014,yes,4
Wyoming,2014,no,2
Wyoming,2015,yes,6
Wyoming,2015,no,0
