PN,Alaska,1.061,1.091,1.036
PN,Alaska,0.972,0.888,1.007
PN,Alaska,0.958,0.994,0.933
PN,Alaska,0.949,0.974,0.964
PN,Alaska,0.847,0.866,1.133
PN,Alabama,1.168,1.182,0.982
PN,Alabama,1.165,1.041,1.003
PN,Alabama,1.158,1.048,0.983
PN,Alabama,1.142,0.963,0.969
PN,Alabama,1.135,1.04,0.849
PN,Alabama,1.107,1.037,0.96
PN,Alabama,1.102,1.067,0.987
PN,Alabama,1.097,1.096,1.026
PN,Alabama,1.082,1.048,0.98
PN,Alabama,1.079,1.087,0.984
PN,Alabama,1.062,1.049,0.958
PN,Alabama,1.053,1.014,0.993
PN,Alabama,1.05,0.999,1.03
PN,Alabama,1.044,1.044,0.993
PN,Alabama,1.044,1.101,0.926
PN,Alabama,1.043,1.062,0.957
PN,Alabama,1.03,1.06,0.987
PN,Alabama,1.029,1.039,0.933
PN,Alabama,1.018,0.992,0.866
PN,Alabama,1.014,1.012,0.968
PN,Alabama,1.008,0.978,0.972
PN,Alabama,0.999,1.049,1.033
PN,Alabama,0.994,0.996,0.975
PN,Alabama,0.994,1.05,0.906
PN,Alabama,0.994,1.025,1.014
PN,Alabama,0.989,0.912,1.076
PN,Alabama,0.983,1.005,0.922
PN,Alabama,0.983,0.998,0.934
PN,Alabama,0.983,0.941,1.097
PN,Alabama,0.978,1.024,1.034
PN,Alabama,0.977,0.981,1.072
PN,Alabama,0.973,0.931,0.992
PN,Alabama,0.97,0.953,1.081
PN,Alabama,0.968,1.033,1.069
PN,Alabama,0.959,0.964,0.912
PN,Alabama,0.959,0.998,1.082
PN,Alabama,0.955,0.938,0.997
PN,Alabama,0.947,0.904,0.991
PN,Alabama,0.935,0.974,0.983
PN,Alabama,0.933,1.019,1.054
PN,Alabama,0.929,0.987,1.079
PN,Alabama,0.929,1.008,1.023
PN,Alabama,0.921,0.966,1.035
PN,Alabama,0.921,0.898,0.881
PN,Alabama,0.92,0.935,0.973
PN,Alabama,0.914,0.969,1.018
PN,Alabama,0.913,0.943,0.974
PN,Alabama,0.907,0.935,1.018
PN,Alabama,0.898,0.917,0.93
PN,Alabama,0.887,0.882,1.076
PN,Alabama,0.828,0.85,0.943
PN,Arkansas,1.219,1.218,0.936
PN,Arkansas,1.178,1.214,1.013
PN,Arkansas,1.094,1.077,1.126
PN,Arkansas,1.071,0.981,1.004
PN,Arkansas,1.069,1.038,0.889
PN,Arkansas,1.04,1.067,0.975
PN,Arkansas,1.025,1.019,0.975
PN,Arkansas,1.023,1.092,0.965
PN,Arkansas,1.02,1.11,0.828
PN,Arkansas,1.018,1.081,0.932
PN,Arkansas,1.005,1.033,0.941
PN,Arkansas,1.004,0.945,0.959
PN,Arkansas,0.999,1.004,0.953
PN,Arkansas,0.998,1.028,1.042
PN,Arkansas,0.99,1.034,0.965
PN,Arkansas,0.978,1.032,0.948
PN,Arkansas,0.975,1.027,1.117
PN,Arkansas,0.968,1.022,0.82
PN,Arkansas,0.918,0.896,1.004
PN,Arkansas,0.902,0.883,0.915
PN,Arkansas,0.896,0.934,0.956
PN,Arizona,1.126,1.096,0.979
PN,Arizona,1.106,1.118,1.064
PN,Arizona,1.101,1.099,1.057
PN,Arizona,1.08,1.067,0.979
PN,Arizona,1.055,1.097,0.975
PN,Arizona,1.051,0.932,0.991
PN,Arizona,1.039,0.963,0.873
PN,Arizona,1.039,1.042,0.916
PN,Arizona,1.037,1.013,0.906
PN,Arizona,1.029,0.974,1.032
PN,Arizona,1.016,1.046,1.009
PN,Arizona,1.013,1.037,1.095
PN,Arizona,1.012,1.031,1.05
PN,Arizona,1.006,1.005,0.967
PN,Arizona,0.986,0.961,1.056
PN,Arizona,0.985,0.991,1.08
PN,Arizona,0.984,0.983,1.086
PN,Arizona,0.957,0.966,0.98
PN,Arizona,0.945,0.951,0.967
PN,Arizona,0.923,1.019,1.007
PN,Arizona,0.922,0.942,1.059
PN,Arizona,0.921,0.897,0.975
PN,Arizona,0.917,0.978,1.003
PN,Arizona,0.911,0.836,1.09
PN,Arizona,0.828,0.854,0.929
PN,California,1.197,1.114,1.044
PN,California,1.179,1.131,0.985
PN,California,1.174,1.079,0.986
PN,California,1.166,1.027,0.931
PN,California,1.152,1.171,0.889
PN,California,1.133,1.08,0.955
PN,California,1.128,1.21,0.966
PN,California,1.125,0.967,0.994
PN,California,1.117,1.032,0.967
PN,California,1.11,1.087,1.173
PN,California,1.106,1.144,0.98
PN,California,1.101,1.106,0.942
PN,California,1.098,1.049,0.98
PN,California,1.094,1.013,0.968
PN,California,1.086,1.103,1.044
PN,California,1.083,0.987,0.996
PN,California,1.078,1.025,0.942
PN,California,1.074,1.1,1.007
PN,California,1.073,1.046,1.063
PN,California,1.067,1.022,0.958
PN,California,1.063,1.052,0.889
PN,California,1.063,1.086,1.036
PN,California,1.062,1.05,1.151
PN,California,1.056,1.037,1.064
PN,California,1.05,0.989,0.945
PN,California,1.05,1.036,0.943
PN,California,1.047,1.053,1.155
PN,California,1.047,0.993,0.878
PN,California,1.047,0.946,1.067
PN,California,1.045,1.044,0.971
PN,California,1.042,1.035,0.948
PN,California,1.041,1.081,1.01
PN,California,1.039,1.039,0.983
PN,California,1.033,0.99,0.972
PN,California,1.032,0.989,1.014
PN,California,1.032,1.036,0.999
PN,California,1.031,1.012,0.98
PN,California,1.025,1.069,0.913
PN,California,1.024,0.895,1.019
PN,California,1.024,1.09,0.987
PN,California,1.024,0.981,0.942
PN,California,1.023,1.004,1.061
PN,California,1.02,1.027,0.814
PN,California,1.02,1.068,0.884
PN,California,1.019,1.021,0.998
PN,California,1.019,1.015,0.948
PN,California,1.017,1.001,0.962
PN,California,1.016,1.12,0.977
PN,California,1.015,1.069,0.849
PN,California,1.014,1.033,1.062
PN,California,1.014,0.983,0.961
PN,California,1.014,0.999,0.882
PN,California,1.013,1,0.992
PN,California,1.011,1.054,0.983
PN,California,1.01,0.994,1.039
PN,California,1.01,1.013,0.942
PN,California,1.009,1.019,1.023
PN,California,1.006,1.016,1.013
PN,California,1.004,1.03,0.95
PN,California,1.004,0.982,1.125
PN,California,1.003,1.112,0.903
PN,California,1,0.99,0.86
PN,California,0.997,0.987,1.039
PN,California,0.995,1.011,0.978
PN,California,0.995,1.003,1.01
PN,California,0.992,0.96,0.982
PN,California,0.991,0.938,1.032
PN,California,0.991,0.959,1.001
PN,California,0.99,1.06,0.945
PN,California,0.99,0.926,1.079
PN,California,0.989,0.961,0.931
PN,California,0.989,1.028,0.986
PN,California,0.988,1.01,1.012
PN,California,0.987,1.068,0.99
PN,California,0.985,0.976,1.041
PN,California,0.985,1.119,0.991
PN,California,0.982,1.021,0.837
PN,California,0.98,0.941,1.016
PN,California,0.98,0.956,0.873
PN,California,0.978,1.03,1.044
PN,California,0.977,0.98,1.031
PN,California,0.976,1.018,0.923
PN,California,0.976,0.944,1.102
PN,California,0.976,0.953,1.184
PN,California,0.976,0.943,0.907
PN,California,0.975,1.001,0.936
PN,California,0.974,0.878,1.046
PN,California,0.972,0.949,0.971
PN,California,0.971,0.988,0.936
PN,California,0.969,1.027,1.044
PN,California,0.967,0.925,1.038
PN,California,0.967,0.946,0.954
PN,California,0.965,1.013,0.977
PN,California,0.964,0.906,0.973
PN,California,0.961,0.963,0.923
PN,California,0.96,0.964,0.982
PN,California,0.959,0.99,0.952
PN,California,0.959,0.907,0.927
PN,California,0.957,0.869,0.955
PN,California,0.956,0.945,0.993
PN,California,0.956,1.004,0.952
PN,California,0.955,0.947,0.931
PN,California,0.953,0.96,0.92
PN,California,0.951,0.962,0.99
PN,California,0.951,0.977,0.944
PN,California,0.95,1,0.928
PN,California,0.949,0.997,0.953
PN,California,0.948,0.936,0.998
PN,California,0.945,0.997,0.952
PN,California,0.944,1.036,0.981
PN,California,0.943,0.915,0.864
PN,California,0.94,0.864,0.887
PN,California,0.939,0.963,1.16
PN,California,0.939,0.986,0.93
PN,California,0.938,0.914,0.969
PN,California,0.937,0.924,1.026
PN,California,0.937,1.059,1.029
PN,California,0.936,0.92,0.983
PN,California,0.935,0.91,0.916
PN,California,0.933,0.91,1.072
PN,California,0.933,0.942,0.956
PN,California,0.929,0.967,0.925
PN,California,0.929,0.954,1.01
PN,California,0.927,1,1.088
PN,California,0.926,0.956,0.951
PN,California,0.924,0.917,1.032
PN,California,0.924,0.933,0.961
PN,California,0.924,1.06,0.985
PN,California,0.916,0.995,0.97
PN,California,0.916,0.97,0.972
PN,California,0.911,0.9,0.918
PN,California,0.909,0.947,0.98
PN,California,0.909,0.955,1.048
PN,California,0.907,0.841,0.896
PN,California,0.906,0.816,0.889
PN,California,0.902,0.864,0.965
PN,California,0.9,0.92,0.934
PN,California,0.899,0.954,0.97
PN,California,0.899,0.943,1.057
PN,California,0.897,0.929,1.09
PN,California,0.893,0.949,1.085
PN,California,0.891,0.905,1.01
PN,California,0.889,0.865,1.058
PN,California,0.887,0.905,0.878
PN,California,0.872,0.907,0.973
PN,California,0.871,0.883,1.043
PN,California,0.87,0.902,1.024
PN,California,0.869,0.955,1.029
PN,California,0.861,0.871,1.084
PN,California,0.845,0.913,1.106
PN,Colorado,1.168,1.042,0.995
PN,Colorado,1.053,1.038,1.037
PN,Colorado,1.043,0.965,0.981
PN,Colorado,1.038,0.946,1.084
PN,Colorado,1.03,1.01,1.063
PN,Colorado,1.025,0.993,0.986
PN,Colorado,1.024,1.125,1.014
PN,Colorado,1.016,1.04,0.882
PN,Colorado,1.01,0.975,1.042
PN,Colorado,0.991,1.035,1.015
PN,Colorado,0.983,1.023,1.104
PN,Colorado,0.979,0.979,1.097
PN,Colorado,0.961,0.905,0.909
PN,Colorado,0.96,0.919,0.945
PN,Colorado,0.95,0.969,0.997
PN,Colorado,0.949,0.936,0.877
PN,Colorado,0.933,0.902,1.018
PN,Colorado,0.9,0.873,1.016
PN,Colorado,0.879,0.884,1.018
PN,Colorado,0.878,0.959,1.138
PN,Colorado,0.85,0.885,0.944
PN,Connecticut,1.114,1.092,1.035
PN,Connecticut,1.114,1.105,1.035
PN,Connecticut,1.093,1.109,1.035
PN,Connecticut,1.063,1.064,0.877
PN,Connecticut,1.018,1.008,1.009
PN,Connecticut,0.998,1,1.025
PN,Connecticut,0.986,0.968,0.998
PN,Connecticut,0.984,0.979,0.87
PN,Connecticut,0.967,0.968,1.035
PN,Connecticut,0.95,0.954,0.969
PN,Connecticut,0.949,0.931,0.966
PN,Connecticut,0.944,0.929,1.035
PN,Connecticut,0.933,0.993,1.035
PN,Connecticut,0.918,0.965,1
PN,Connecticut,0.897,0.994,1.035
PN,Connecticut,0.881,0.966,0.982
PN,Connecticut,0.836,0.911,1.035
PN,Delaware,1,0.926,1.027
PN,Florida,1.167,1.077,0.915
PN,Florida,1.163,1.225,1.027
PN,Florida,1.157,1.075,0.925
PN,Florida,1.154,1.091,0.888
PN,Florida,1.151,1.176,0.846
PN,Florida,1.145,1.043,0.971
PN,Florida,1.134,1.153,1.042
PN,Florida,1.124,1.036,0.979
PN,Florida,1.116,1.128,1.04
PN,Florida,1.113,1.045,1.012
PN,Florida,1.111,1.101,0.977
PN,Florida,1.11,1.106,0.974
PN,Florida,1.107,1.002,1.042
PN,Florida,1.099,1.114,1.015
PN,Florida,1.088,1.052,0.898
PN,Florida,1.084,1.023,0.997
PN,Florida,1.081,1.071,1.109
PN,Florida,1.079,1.153,1.172
PN,Florida,1.072,1.002,0.957
PN,Florida,1.071,1.182,1.027
PN,Florida,1.069,1.091,0.97
PN,Florida,1.067,0.984,1.065
PN,Florida,1.063,1.052,1.02
PN,Florida,1.063,1.005,0.985
PN,Florida,1.047,1.104,0.914
PN,Florida,1.045,1.101,1.049
PN,Florida,1.045,1.017,0.957
PN,Florida,1.044,0.941,1.06
PN,Florida,1.041,1.018,1.003
PN,Florida,1.039,1.011,0.952
PN,Florida,1.038,1.04,0.873
PN,Florida,1.036,1.087,0.843
PN,Florida,1.034,0.98,0.976
PN,Florida,1.033,0.977,0.947
PN,Florida,1.031,1.069,0.957
PN,Florida,1.026,1.051,0.898
PN,Florida,1.023,1.033,0.911
PN,Florida,1.018,1.062,0.913
PN,Florida,1.017,1.078,1.003
PN,Florida,1.017,0.965,0.977
PN,Florida,1.016,0.928,1.096
PN,Florida,1.015,1.042,1.066
PN,Florida,1.014,0.963,1.192
PN,Florida,1.013,1.097,0.97
PN,Florida,1.011,0.97,0.91
PN,Florida,1.011,0.963,1.051
PN,Florida,1.01,1.059,0.998
PN,Florida,1.009,0.974,1.014
PN,Florida,1.009,0.931,1.152
PN,Florida,1.008,1.024,1.108
PN,Florida,1.004,1.05,1.038
PN,Florida,1.003,0.952,1.045
PN,Florida,1.001,0.922,1.102
PN,Florida,0.999,0.929,0.901
PN,Florida,0.999,0.942,1.06
PN,Florida,0.999,1.042,0.96
PN,Florida,0.997,0.991,1.137
PN,Florida,0.995,1.017,0.868
PN,Florida,0.995,1.039,0.881
PN,Florida,0.994,1.001,1.026
PN,Florida,0.992,1.03,0.84
PN,Florida,0.989,1.01,1.052
PN,Florida,0.988,0.984,1.023
PN,Florida,0.984,0.956,1.019
PN,Florida,0.982,0.862,1.141
PN,Florida,0.979,1.008,0.895
PN,Florida,0.976,0.992,0.953
PN,Florida,0.975,0.951,1.003
PN,Florida,0.973,1.055,0.978
PN,Florida,0.973,1.01,0.926
PN,Florida,0.972,0.888,1
PN,Florida,0.971,0.991,1.093
PN,Florida,0.963,0.935,1.042
PN,Florida,0.96,0.958,1.003
PN,Florida,0.957,0.927,0.972
PN,Florida,0.954,1.001,0.999
PN,Florida,0.951,0.891,1.084
PN,Florida,0.947,1.006,0.892
PN,Florida,0.934,0.914,0.981
PN,Florida,0.928,0.896,0.911
PN,Florida,0.926,0.939,0.985
PN,Florida,0.925,1.056,1.103
PN,Florida,0.924,0.985,0.965
PN,Florida,0.924,0.972,0.955
PN,Florida,0.923,0.963,1.045
PN,Florida,0.918,0.945,1.002
PN,Florida,0.917,0.986,0.901
PN,Florida,0.917,0.911,0.985
PN,Florida,0.914,0.848,1.085
PN,Florida,0.912,0.822,1.055
PN,Florida,0.893,0.901,1.027
PN,Florida,0.883,0.878,0.995
PN,Florida,0.882,0.959,1.041
PN,Florida,0.866,0.922,0.915
PN,Florida,0.851,0.837,0.97
PN,Florida,0.851,0.843,0.923
PN,Florida,0.85,0.958,1.025
PN,Florida,0.842,0.882,1.037
PN,Florida,0.84,0.884,1.041
PN,Florida,0.84,0.971,0.934
PN,Florida,0.819,0.821,1.016
PN,Georgia,1.194,1.182,0.929
PN,Georgia,1.139,1.118,0.971
PN,Georgia,1.118,1.117,0.831
PN,Georgia,1.111,1.092,0.973
PN,Georgia,1.084,1.141,0.897
PN,Georgia,1.082,1.06,1.07
PN,Georgia,1.076,1.049,0.974
PN,Georgia,1.076,1.088,1.071
PN,Georgia,1.072,1.001,0.97
PN,Georgia,1.072,1.071,1.013
PN,Georgia,1.071,1.045,1.137
PN,Georgia,1.067,1.028,1.024
PN,Georgia,1.062,1.026,1.018
PN,Georgia,1.061,1.042,0.98
PN,Georgia,1.054,1.044,0.954
PN,Georgia,1.047,1.047,1.137
PN,Georgia,1.043,1.067,0.957
PN,Georgia,1.04,1.091,1
PN,Georgia,1.035,1.063,0.958
PN,Georgia,1.034,0.973,0.973
PN,Georgia,1.033,1.015,0.937
PN,Georgia,1.029,1.073,0.943
PN,Georgia,1.028,0.999,0.952
PN,Georgia,1.028,1.013,0.919
PN,Georgia,1.026,1.021,1.137
PN,Georgia,1.022,1.031,1.073
PN,Georgia,1.019,1.028,0.927
PN,Georgia,1.017,1.028,1.016
PN,Georgia,1.014,1.028,1.137
PN,Georgia,1.013,1.034,0.951
PN,Georgia,1.006,0.98,1.046
PN,Georgia,1.006,0.911,1.073
PN,Georgia,1.004,1.012,0.975
PN,Georgia,1.002,1.035,0.957
PN,Georgia,1,0.994,1.011
PN,Georgia,1,0.976,1.026
PN,Georgia,0.995,0.947,1.022
PN,Georgia,0.984,0.976,0.953
PN,Georgia,0.974,0.988,0.974
PN,Georgia,0.969,1.021,0.915
PN,Georgia,0.966,0.929,1.137
PN,Georgia,0.963,0.924,0.973
PN,Georgia,0.963,0.955,0.857
PN,Georgia,0.962,1.016,1.004
PN,Georgia,0.959,0.966,0.949
PN,Georgia,0.946,0.937,1.134
PN,Georgia,0.942,0.907,0.911
PN,Georgia,0.942,0.946,0.934
PN,Georgia,0.931,1.035,1.026
PN,Georgia,0.928,0.95,1.029
PN,Georgia,0.919,0.875,0.941
PN,Georgia,0.917,0.939,1.137
PN,Georgia,0.86,0.862,1.097
PN,Georgia,0.85,0.837,1.052
PN,Georgia,0.84,0.905,0.955
PN,Hawaii,1.038,1.108,0.95
PN,Hawaii,1.024,1.039,0.929
PN,Hawaii,0.988,0.949,1.137
PN,Hawaii,0.978,0.964,1.086
PN,Hawaii,0.956,1.096,1.003
PN,Hawaii,0.882,0.905,1.142
PN,Hawaii,0.866,0.892,1.137
PN,Iowa,1.117,1.107,1.042
PN,Iowa,1.031,1.015,1.053
PN,Iowa,1.025,0.954,1.049
PN,Iowa,0.978,1.035,1
PN,Iowa,0.968,0.901,0.951
PN,Iowa,0.952,0.98,1.09
PN,Iowa,0.931,0.978,0.981
PN,Iowa,0.922,0.937,0.958
PN,Iowa,0.885,0.935,0.997
PN,Iowa,0.885,0.876,0.926
PN,Idaho,0.972,0.989,1.006
PN,Idaho,0.959,1.071,0.939
PN,Idaho,0.959,1.071,1.101
PN,Idaho,0.959,1.071,0.846
PN,Idaho,0.959,1.071,0.911
PN,Idaho,0.959,1.071,0.992
PN,Idaho,0.959,1.071,1.015
PN,Idaho,0.959,1.071,0.943
PN,Idaho,0.959,1.071,1.11
PN,Idaho,0.955,0.95,1.061
PN,Idaho,0.937,0.956,0.977
PN,Idaho,0.869,0.95,1.096
PN,Idaho,0.835,0.829,0.964
PN,Illinois,1.224,1.252,0.841
PN,Illinois,1.194,1.174,1.201
PN,Illinois,1.174,1.188,1.153
PN,Illinois,1.168,1.188,0.925
PN,Illinois,1.151,1.106,0.933
PN,Illinois,1.149,1.172,1.003
PN,Illinois,1.148,1.16,0.978
PN,Illinois,1.137,1.02,0.982
PN,Illinois,1.128,1.174,1.1
PN,Illinois,1.124,1.103,0.961
PN,Illinois,1.11,1.098,0.904
PN,Illinois,1.105,1.119,0.962
PN,Illinois,1.101,1.151,0.988
PN,Illinois,1.1,1.143,0.926
PN,Illinois,1.098,1.076,1.008
PN,Illinois,1.098,1.067,0.962
PN,Illinois,1.089,1.066,1.003
PN,Illinois,1.087,1.139,1.059
PN,Illinois,1.083,0.978,0.892
PN,Illinois,1.081,1.129,0.969
PN,Illinois,1.077,1.113,1.019
PN,Illinois,1.073,1.042,0.908
PN,Illinois,1.068,1.143,1.003
PN,Illinois,1.058,1.041,0.953
PN,Illinois,1.052,1.003,0.972
PN,Illinois,1.052,1.001,0.925
PN,Illinois,1.052,1.034,1.04
PN,Illinois,1.045,1.091,1.017
PN,Illinois,1.043,1.014,0.871
PN,Illinois,1.042,0.953,0.935
PN,Illinois,1.038,1.075,1.061
PN,Illinois,1.036,1.082,0.929
PN,Illinois,1.031,0.978,1.099
PN,Illinois,1.025,1.134,0.86
PN,Illinois,1.02,0.931,0.977
PN,Illinois,1.018,1.038,1.015
PN,Illinois,1.017,1.04,1.093
PN,Illinois,1.015,1.08,0.982
PN,Illinois,1.013,1.019,0.884
PN,Illinois,1.012,1.011,0.998
PN,Illinois,1.012,0.989,1.003
PN,Illinois,1.011,0.95,0.995
PN,Illinois,1.01,1.068,0.995
PN,Illinois,1.008,1.018,0.978
PN,Illinois,0.995,1.001,0.92
PN,Illinois,0.98,1.048,0.922
PN,Illinois,0.974,0.991,0.928
PN,Illinois,0.973,0.954,1.146
PN,Illinois,0.971,0.97,1.026
PN,Illinois,0.969,1.042,0.964
PN,Illinois,0.969,0.984,1.003
PN,Illinois,0.968,1.013,0.927
PN,Illinois,0.964,0.931,0.981
PN,Illinois,0.964,0.951,0.983
PN,Illinois,0.957,0.889,1.037
PN,Illinois,0.953,1.017,1.006
PN,Illinois,0.951,0.941,1.011
PN,Illinois,0.951,0.968,0.965
PN,Illinois,0.951,1.022,0.873
PN,Illinois,0.95,0.945,0.97
PN,Illinois,0.95,0.97,0.976
PN,Illinois,0.936,1.009,0.975
PN,Illinois,0.894,0.986,1.003
PN,Kansas,1.138,1.145,0.953
PN,Kansas,1.11,1.052,0.978
PN,Kansas,1.086,1.035,1.103
PN,Kansas,1.083,1.013,0.998
PN,Kansas,1.067,1.091,1.078
PN,Kansas,1.058,0.957,0.995
PN,Kansas,1.046,1.031,0.999
PN,Kansas,1.019,0.91,1.023
PN,Kansas,1.018,1.007,0.981
PN,Kansas,1.016,1.012,0.963
PN,Kansas,1.015,0.923,1.038
PN,Kansas,1.009,0.97,1.047
PN,Kansas,1.002,1.002,0.926
PN,Kansas,1.002,0.962,1.066
PN,Kansas,1,0.953,0.965
PN,Kansas,0.983,0.972,1.052
PN,Kansas,0.983,1.001,0.936
PN,Kansas,0.975,0.963,0.95
PN,Kansas,0.945,0.973,1.101
PN,Kansas,0.921,0.89,0.854
PN,Kansas,0.901,0.879,0.977
PN,Kansas,0.88,0.926,0.963
PN,Kansas,0.809,0.983,0.94
PN,Kentucky,1.283,1.204,1.012
PN,Kentucky,1.266,1.214,0.869
PN,Kentucky,1.209,1.106,1.056
PN,Kentucky,1.175,1.266,1.119
PN,Kentucky,1.115,1.133,0.901
PN,Kentucky,1.1,1.027,1.054
PN,Kentucky,1.099,1.085,0.907
PN,Kentucky,1.089,1.051,0.906
PN,Kentucky,1.078,1.105,1.005
PN,Kentucky,1.072,1.017,1.049
PN,Kentucky,1.061,1.141,0.958
PN,Kentucky,1.047,1.048,0.961
PN,Kentucky,1.04,1.06,0.959
PN,Kentucky,1.036,0.984,0.944
PN,Kentucky,1.035,0.912,0.908
PN,Kentucky,1.034,0.996,0.895
PN,Kentucky,1.023,1.01,0.977
PN,Kentucky,1.02,0.987,0.952
PN,Kentucky,1.018,1.011,0.911
PN,Kentucky,1.009,1.125,0.98
PN,Kentucky,1.003,1.02,1.012
PN,Kentucky,0.996,0.969,1.136
PN,Kentucky,0.988,0.993,0.916
PN,Kentucky,0.985,1.012,1.009
PN,Kentucky,0.98,1.046,0.999
PN,Kentucky,0.973,1.012,0.91
PN,Kentucky,0.969,0.985,0.991
PN,Kentucky,0.96,1.006,0.96
PN,Kentucky,0.948,0.928,1.09
PN,Kentucky,0.948,0.967,0.952
PN,Kentucky,0.943,0.971,0.85
PN,Kentucky,0.928,0.973,0.862
PN,Kentucky,0.908,1.074,1.047
PN,Kentucky,0.906,0.97,1.034
PN,Kentucky,0.892,0.958,0.936
PN,Kentucky,0.779,0.783,1.13
PN,Louisiana,1.174,1.138,0.931
PN,Louisiana,1.174,1.23,0.937
PN,Louisiana,1.155,1.067,0.963
PN,Louisiana,1.125,1.111,1.077
PN,Louisiana,1.116,1.081,1.063
PN,Louisiana,1.109,1.049,1.118
PN,Louisiana,1.105,1.078,0.938
PN,Louisiana,1.104,1.08,0.971
PN,Louisiana,1.088,1.105,1.08
PN,Louisiana,1.082,1.06,1.047
PN,Louisiana,1.072,1.012,0.96
PN,Louisiana,1.065,1.05,0.954
PN,Louisiana,1.038,1.072,0.915
PN,Louisiana,1.028,0.995,0.947
PN,Louisiana,1.025,1.028,0.98
PN,Louisiana,1.023,0.997,0.979
PN,Louisiana,1.016,0.94,0.973
PN,Louisiana,1.015,0.971,0.977
PN,Louisiana,0.994,1.108,0.867
PN,Louisiana,0.993,1.017,0.956
PN,Louisiana,0.991,1.041,1.012
PN,Louisiana,0.988,0.948,0.89
PN,Louisiana,0.966,0.985,1.007
PN,Louisiana,0.966,0.95,0.859
PN,Louisiana,0.964,0.917,0.978
PN,Louisiana,0.958,1.026,1.098
PN,Louisiana,0.948,0.941,1.014
PN,Louisiana,0.948,0.968,0.911
PN,Louisiana,0.92,0.95,0.983
PN,Louisiana,0.907,0.871,0.966
PN,Louisiana,0.901,0.922,0.999
PN,Louisiana,0.891,0.916,0.983
PN,Louisiana,0.877,0.97,1.061
PN,Louisiana,0.877,0.879,0.955
PN,Louisiana,0.852,0.86,0.96
PN,Massachusetts,1.2,1.148,0.828
PN,Massachusetts,1.185,1.214,0.984
PN,Massachusetts,1.159,1.04,0.967
PN,Massachusetts,1.149,1.127,0.982
PN,Massachusetts,1.126,1.102,0.9
PN,Massachusetts,1.121,1.01,0.914
PN,Massachusetts,1.1,1.147,0.962
PN,Massachusetts,1.084,1.1,1.016
PN,Massachusetts,1.075,1.112,1.018
PN,Massachusetts,1.074,0.973,0.89
PN,Massachusetts,1.07,1.005,0.901
PN,Massachusetts,1.039,1.014,0.99
PN,Massachusetts,1.032,0.991,1.072
PN,Massachusetts,1.031,1.059,1.076
PN,Massachusetts,1.015,0.962,0.953
PN,Massachusetts,1.002,0.987,1.011
PN,Massachusetts,0.997,1.027,1.095
PN,Massachusetts,0.984,0.991,1
PN,Massachusetts,0.98,1.094,0.979
PN,Massachusetts,0.978,1.048,0.992
PN,Massachusetts,0.974,1.068,0.933
PN,Massachusetts,0.963,0.916,0.907
PN,Massachusetts,0.96,0.956,0.986
PN,Massachusetts,0.958,0.973,0.907
PN,Massachusetts,0.955,1.003,0.838
PN,Massachusetts,0.938,0.92,0.908
PN,Massachusetts,0.936,0.926,1.095
PN,Massachusetts,0.922,0.995,0.941
PN,Massachusetts,0.921,0.913,0.943
PN,Maryland,1.202,1.192,1.027
PN,Maryland,1.167,1.179,0.846
PN,Maryland,1.116,1.236,1.067
PN,Maryland,1.11,1.023,0.892
PN,Maryland,1.108,1.129,0.921
PN,Maryland,1.104,1.09,1.036
PN,Maryland,1.103,1.028,1.116
PN,Maryland,1.084,1.048,0.983
PN,Maryland,1.084,1.006,0.902
PN,Maryland,1.081,1.068,0.968
PN,Maryland,1.081,1.156,1.076
PN,Maryland,1.046,1.069,0.914
PN,Maryland,1.015,1.05,0.947
PN,Maryland,0.997,1.049,1.001
PN,Maryland,0.986,1.011,0.969
PN,Maryland,0.925,1.002,1.048
PN,Maryland,0.914,0.931,0.925
PN,Maryland,0.897,0.939,1
PN,Maine,0.995,0.92,1.07
PN,Maine,0.991,1.015,0.92
PN,Maine,0.987,0.994,0.83
PN,Maine,0.987,0.978,0.94
PN,Maine,0.985,0.957,1.007
PN,Maine,0.969,1.018,1.03
PN,Maine,0.937,1.002,0.988
PN,Maine,0.933,0.946,0.957
PN,Maine,0.897,0.937,0.998
PN,Maine,0.895,0.887,1.033
PN,Michigan,1.284,1.165,0.977
PN,Michigan,1.145,1.197,1.035
PN,Michigan,1.102,1.067,1.041
PN,Michigan,1.078,1.048,1.108
PN,Michigan,1.055,1.032,1.064
PN,Michigan,1.051,1.079,0.979
PN,Michigan,1.045,0.99,1.058
PN,Michigan,1.045,1.006,1.035
PN,Michigan,1.043,1.018,0.99
PN,Michigan,1.027,1.05,0.96
PN,Michigan,1.015,0.984,1.116
PN,Michigan,1.012,1.009,1.084
PN,Michigan,1,1.062,0.958
PN,Michigan,0.991,0.96,1.021
PN,Michigan,0.979,1.022,1.279
PN,Michigan,0.968,1,0.99
PN,Michigan,0.955,1.05,0.993
PN,Michigan,0.948,0.881,0.93
PN,Michigan,0.935,0.926,0.961
PN,Michigan,0.929,0.936,0.96
PN,Michigan,0.925,0.954,1.044
PN,Michigan,0.922,0.887,1.097
PN,Michigan,0.92,0.914,1.078
PN,Michigan,0.914,0.96,1.128
PN,Michigan,0.891,0.881,0.968
PN,Michigan,0.861,0.972,0.95
PN,Michigan,0.827,0.795,1.13
PN,Minnesota,1.095,0.958,0.958
PN,Minnesota,1.081,1.085,0.985
PN,Minnesota,1.075,0.961,0.974
PN,Minnesota,1.067,1.089,0.958
PN,Minnesota,1.047,0.992,0.955
PN,Minnesota,1.045,1.068,1.044
PN,Minnesota,1.04,1.048,0.984
PN,Minnesota,1.012,0.963,1.03
PN,Minnesota,1.006,1.015,0.92
PN,Minnesota,1.004,1.001,0.953
PN,Minnesota,1.002,1.06,0.886
PN,Minnesota,0.995,0.952,1.082
PN,Minnesota,0.985,0.955,1.021
PN,Minnesota,0.983,0.92,0.922
PN,Minnesota,0.982,0.981,0.964
PN,Minnesota,0.974,0.992,0.902
PN,Minnesota,0.971,0.946,1.112
PN,Minnesota,0.959,0.924,0.959
PN,Minnesota,0.955,0.9,1.042
PN,Minnesota,0.948,0.948,0.874
PN,Minnesota,0.936,0.946,0.926
PN,Minnesota,0.893,0.923,0.94
PN,Missouri,1.109,1.1,0.996
PN,Missouri,1.105,1.012,0.977
PN,Missouri,1.091,1.057,0.977
PN,Missouri,1.09,1.073,0.938
PN,Missouri,1.088,1.135,0.987
PN,Missouri,1.063,1.103,0.987
PN,Missouri,1.06,1.066,0.929
PN,Missouri,1.06,1.04,0.892
PN,Missouri,1.047,1.012,0.89
PN,Missouri,1.047,1.047,0.984
PN,Missouri,1.031,1.031,0.978
PN,Missouri,1.029,1.04,1.026
PN,Missouri,1.014,0.961,0.977
PN,Missouri,1.002,1.068,0.929
PN,Missouri,0.992,0.96,0.915
PN,Missouri,0.983,1.073,0.946
PN,Missouri,0.981,0.96,1.003
PN,Missouri,0.974,0.923,0.999
PN,Missouri,0.966,1.055,0.95
PN,Missouri,0.965,1.034,0.889
PN,Missouri,0.936,0.993,0.937
PN,Missouri,0.928,0.906,1.173
PN,Missouri,0.927,0.957,0.831
PN,Missouri,0.927,0.979,1.052
PN,Missouri,0.925,0.961,0.954
PN,Missouri,0.922,0.907,0.974
PN,Missouri,0.921,0.974,0.854
PN,Missouri,0.917,0.933,0.969
PN,Missouri,0.912,0.936,1.065
PN,Missouri,0.888,0.821,1.085
PN,Missouri,0.864,0.915,0.98
PN,Mississippi,1.303,1.141,0.902
PN,Mississippi,1.191,1.193,0.996
PN,Mississippi,1.191,1.193,0.951
PN,Mississippi,1.191,1.193,0.944
PN,Mississippi,1.191,1.193,1.036
PN,Mississippi,1.191,1.193,0.977
PN,Mississippi,1.191,1.193,0.961
PN,Mississippi,1.191,1.193,0.923
PN,Mississippi,1.191,1.193,1.003
PN,Mississippi,1.125,1.058,1.043
PN,Mississippi,1.113,1.116,1.045
PN,Mississippi,1.105,1.03,0.97
PN,Mississippi,1.079,1.108,1.026
PN,Mississippi,1.076,1.082,0.969
PN,Mississippi,1.042,1.028,0.9
PN,Mississippi,1.036,0.995,1.039
PN,Mississippi,1.028,0.98,1.023
PN,Mississippi,1.01,1.017,0.96
PN,Mississippi,0.998,1.046,0.982
PN,Mississippi,0.974,1.017,0.945
PN,Mississippi,0.972,1.016,0.941
PN,Mississippi,0.946,0.97,0.967
PN,Mississippi,0.912,0.89,0.975
PN,Mississippi,0.893,0.955,0.958
PN,Montana,1.064,0.973,1.083
PN,Montana,0.965,0.944,0.964
PN,Montana,0.77,0.785,0.907
PN,North Carolina,1.184,1.125,1.003
PN,North Carolina,1.166,1.1,1.011
PN,North Carolina,1.149,1.062,1.001
PN,North Carolina,1.131,1.202,1.029
PN,North Carolina,1.123,1.142,1.033
PN,North Carolina,1.112,1.053,1.134
PN,North Carolina,1.097,1.096,1.026
PN,North Carolina,1.083,1.127,1.059
PN,North Carolina,1.079,1.102,0.979
PN,North Carolina,1.075,1.047,1.068
PN,North Carolina,1.068,1.028,0.955
PN,North Carolina,1.055,1.031,1.007
PN,North Carolina,1.051,1.001,1.039
PN,North Carolina,1.042,0.944,1.018
PN,North Carolina,1.037,1.081,1.128
PN,North Carolina,1.017,0.966,1.03
PN,North Carolina,1.014,1.043,1.014
PN,North Carolina,1.012,1.035,1.054
PN,North Carolina,1.01,1.063,1.08
PN,North Carolina,0.999,0.935,0.979
PN,North Carolina,0.995,1.077,1.087
PN,North Carolina,0.993,1.016,1.042
PN,North Carolina,0.98,1.007,1.026
PN,North Carolina,0.979,0.966,1.102
PN,North Carolina,0.976,0.978,0.995
PN,North Carolina,0.968,0.935,1.002
PN,North Carolina,0.965,0.934,0.915
PN,North Carolina,0.958,1.028,0.921
PN,North Carolina,0.955,0.994,0.987
PN,North Carolina,0.935,0.857,1.001
PN,North Carolina,0.932,0.995,1.018
PN,North Carolina,0.93,0.922,1.102
PN,North Carolina,0.908,0.9,0.996
PN,North Carolina,0.903,0.955,0.981
PN,North Carolina,0.885,0.926,1.087
PN,North Carolina,0.883,0.909,0.986
PN,North Carolina,0.881,0.91,1.074
PN,North Carolina,0.88,0.897,1
PN,North Dakota,1.019,0.954,1.04
PN,North Dakota,0.921,0.889,1.017
PN,Nebraska,1.079,1.033,0.91
PN,Nebraska,0.988,0.97,0.881
PN,Nebraska,0.948,0.979,0.958
PN,Nebraska,0.948,0.95,1.057
PN,Nebraska,0.928,0.998,0.91
PN,Nebraska,0.868,0.849,0.958
PN,New Hampshire,1.041,0.994,1.097
PN,New Hampshire,1.025,1.025,1.171
PN,New Hampshire,1.014,1.026,0.911
PN,New Hampshire,0.931,0.977,0.962
PN,New Hampshire,0.899,0.928,1.212
PN,New Hampshire,0.89,0.891,0.95
PN,New Hampshire,0.89,0.959,1.105
PN,New Hampshire,0.881,0.922,0.981
PN,New Hampshire,0.873,0.897,0.981
PN,New Jersey,1.328,1.242,1.046
PN,New Jersey,1.243,1.154,1.025
PN,New Jersey,1.167,1.127,1.017
PN,New Jersey,1.125,1.158,1.02
PN,New Jersey,1.116,1.055,0.991
PN,New Jersey,1.106,0.961,0.949
PN,New Jersey,1.102,1.066,0.882
PN,New Jersey,1.096,1.004,0.934
PN,New Jersey,1.09,1.105,0.996
PN,New Jersey,1.078,1.09,1.061
PN,New Jersey,1.072,1.004,0.881
PN,New Jersey,1.062,0.98,0.941
PN,New Jersey,1.042,0.981,0.931
PN,New Jersey,1.03,1.009,0.997
PN,New Jersey,1.027,1.07,1.024
PN,New Jersey,1.021,1.012,1.029
PN,New Jersey,1.017,1.041,1.056
PN,New Jersey,0.994,1.026,0.992
PN,New Jersey,0.987,1.026,1.106
PN,New Jersey,0.974,1.052,1.027
PN,New Jersey,0.972,0.986,0.959
PN,New Jersey,0.958,0.958,0.953
PN,New Jersey,0.951,1.005,1.008
PN,New Jersey,0.95,0.91,0.965
PN,New Jersey,0.926,0.927,1.088
PN,New Jersey,0.923,1.045,1.075
PN,New Mexico,1.033,1.021,0.998
PN,New Mexico,1.004,1.015,1.062
PN,New Mexico,1.002,1.058,1.046
PN,New Mexico,1.001,0.993,0.933
PN,New Mexico,1,0.996,1.022
PN,New Mexico,0.998,1.009,0.875
PN,New Mexico,0.989,0.984,0.908
PN,New Mexico,0.984,0.965,1.039
PN,New Mexico,0.953,0.98,0.973
PN,New Mexico,0.939,0.907,0.983
PN,New Mexico,0.929,0.905,1.033
PN,New Mexico,0.923,1.011,0.947
PN,New Mexico,0.921,0.956,1.057
PN,New Mexico,0.911,1.025,1.057
PN,New Mexico,0.897,0.886,1.117
PN,New Mexico,0.872,0.903,1.007
PN,New Mexico,0.838,0.861,0.881
PN,New Mexico,0.808,0.875,1.077
PN,Nevada,1.159,1.134,0.975
PN,Nevada,1.133,1.069,0.822
PN,Nevada,1.093,1.049,0.937
PN,Nevada,1.072,1.044,0.988
PN,Nevada,1.037,0.94,0.952
PN,Nevada,1.036,1.106,1.015
PN,Nevada,1.014,1.025,0.936
PN,Nevada,0.98,1.043,0.933
PN,Nevada,0.97,1.039,0.917
PN,Nevada,0.959,0.932,0.833
PN,Nevada,0.916,0.894,0.971
PN,Nevada,0.904,0.963,0.936
PN,Nevada,0.823,0.851,1.002
PN,New York,1.241,1.208,0.978
PN,New York,1.214,1.175,1.057
PN,New York,1.211,1.152,0.979
PN,New York,1.203,1.19,0.976
PN,New York,1.183,1.277,0.927
PN,New York,1.177,1.187,1.08
PN,New York,1.163,1.175,0.914
PN,New York,1.155,1.105,0.868
PN,New York,1.151,1.263,1.112
PN,New York,1.145,1.059,1.053
PN,New York,1.127,1.144,1.085
PN,New York,1.126,1.031,0.916
PN,New York,1.121,1.118,1.041
PN,New York,1.116,1.019,1.053
PN,New York,1.112,1.117,0.998
PN,New York,1.107,1.003,1.011
PN,New York,1.106,1.136,0.959
PN,New York,1.104,1.077,1.058
PN,New York,1.088,1.068,0.943
PN,New York,1.082,1.033,1.105
PN,New York,1.08,1.06,1.026
PN,New York,1.054,1.023,0.954
PN,New York,1.052,1.087,1.11
PN,New York,1.048,1.027,1.062
PN,New York,1.046,1.103,0.955
PN,New York,1.046,1.043,0.907
PN,New York,1.045,1.018,1.08
PN,New York,1.043,1.013,1.001
PN,New York,1.041,0.995,1.039
PN,New York,1.037,0.944,1.146
PN,New York,1.037,1.089,1.02
PN,New York,1.035,1.054,1.046
PN,New York,1.034,1.021,0.995
PN,New York,1.026,1.119,0.991
PN,New York,1.026,1.09,1.039
PN,New York,1.025,1.047,0.898
PN,New York,1.02,0.976,1.166
PN,New York,1.02,0.979,1.107
PN,New York,1.015,1.049,1.091
PN,New York,1.009,1.028,1.022
PN,New York,1.001,0.997,0.988
PN,New York,0.997,0.976,1.026
PN,New York,0.993,0.983,0.989
PN,New York,0.988,0.968,0.97
PN,New York,0.983,0.995,1.009
PN,New York,0.963,0.9,1.148
PN,New York,0.963,0.966,0.961
PN,New York,0.96,0.944,1.046
PN,New York,0.955,1.014,0.888
PN,New York,0.954,0.976,0.958
PN,New York,0.954,1.031,1.028
PN,New York,0.947,0.892,1.118
PN,New York,0.945,0.901,1.022
PN,New York,0.941,0.976,0.947
PN,New York,0.939,0.995,0.936
PN,New York,0.909,0.844,0.911
PN,New York,0.889,0.909,1.073
PN,Ohio,1.197,1.228,1.02
PN,Ohio,1.14,1.136,0.989
PN,Ohio,1.13,1.013,1.044
PN,Ohio,1.123,1.139,1.017
PN,Ohio,1.097,1.138,0.93
PN,Ohio,1.088,1.103,1.034
PN,Ohio,1.083,0.972,1.032
PN,Ohio,1.083,1.112,1.095
PN,Ohio,1.062,0.989,1.102
PN,Ohio,1.046,0.989,1.2
PN,Ohio,1.045,1.047,1.206
PN,Ohio,1.03,1.075,1.007
PN,Ohio,1.025,1.16,1.03
PN,Ohio,1.021,0.974,0.966
PN,Ohio,1.016,0.995,0.997
PN,Ohio,1.004,1.04,1.005
PN,Ohio,0.998,1.003,1.01
PN,Ohio,0.996,1.04,1.067
PN,Ohio,0.987,0.932,1.053
PN,Ohio,0.98,1.011,1.153
PN,Ohio,0.977,1.025,0.887
PN,Ohio,0.977,1.025,1.023
PN,Ohio,0.976,0.963,1.1
PN,Ohio,0.973,0.99,1.128
PN,Ohio,0.969,0.98,1.111
PN,Ohio,0.962,0.973,0.988
PN,Ohio,0.94,0.901,1.017
PN,Ohio,0.935,0.888,1.062
PN,Ohio,0.935,0.952,1.095
PN,Ohio,0.927,0.885,0.993
PN,Ohio,0.919,0.958,1.092
PN,Ohio,0.912,0.938,0.897
PN,Ohio,0.903,0.973,1.004
PN,Ohio,0.902,0.935,1.016
PN,Ohio,0.896,0.948,1.003
PN,Ohio,0.893,0.843,0.898
PN,Ohio,0.877,0.892,1.056
PN,Ohio,0.872,1.018,0.999
PN,Ohio,0.844,0.905,0.931
PN,Ohio,0.836,0.846,1.112
PN,Ohio,0.806,0.833,1.125
PN,Oklahoma,1.13,1.03,1.11
PN,Oklahoma,1.091,1.141,1.022
PN,Oklahoma,1.078,0.892,0.988
PN,Oklahoma,1.062,1.052,1.001
PN,Oklahoma,1.056,1.024,1.112
PN,Oklahoma,1.047,1.087,0.969
PN,Oklahoma,1.042,0.962,0.973
PN,Oklahoma,1.039,1.022,0.941
PN,Oklahoma,1.031,1.017,0.898
PN,Oklahoma,1.03,0.994,0.88
PN,Oklahoma,1.022,0.971,1.02
PN,Oklahoma,0.994,0.985,0.963
PN,Oklahoma,0.986,1.003,0.886
PN,Oklahoma,0.958,0.987,1.057
PN,Oklahoma,0.958,0.985,0.934
PN,Oklahoma,0.953,0.946,0.951
PN,Oklahoma,0.945,0.982,0.949
PN,Oklahoma,0.945,1.01,1.047
PN,Oklahoma,0.938,0.933,1.072
PN,Oklahoma,0.929,0.962,1.084
PN,Oklahoma,0.924,0.968,1.035
PN,Oklahoma,0.923,0.931,1.006
PN,Oklahoma,0.923,0.942,1.041
PN,Oklahoma,0.922,0.955,0.975
PN,Oklahoma,0.918,1.012,1.034
PN,Oklahoma,0.914,0.914,1.015
PN,Oregon,1.13,1.203,0.992
PN,Oregon,1.015,0.941,0.994
PN,Oregon,1.009,0.972,0.977
PN,Oregon,1.008,1.027,1.126
PN,Oregon,1.001,0.967,1.107
PN,Oregon,0.998,0.985,0.994
PN,Oregon,0.993,0.946,1.073
PN,Oregon,0.974,0.931,0.989
PN,Oregon,0.972,0.988,0.968
PN,Oregon,0.948,0.915,1.046
PN,Oregon,0.934,0.961,1.015
PN,Oregon,0.924,1.011,1.061
PN,Oregon,0.919,0.921,1.065
PN,Oregon,0.888,0.922,1.04
PN,Oregon,0.858,0.92,1.042
PN,Oregon,0.856,0.924,1.019
PN,Oregon,0.855,0.92,0.972
PN,Oregon,0.839,0.862,1.019
PN,Pennsylvania,1.231,1.159,1.177
PN,Pennsylvania,1.135,1.091,1.012
PN,Pennsylvania,1.119,1.132,0.995
PN,Pennsylvania,1.118,1.059,0.974
PN,Pennsylvania,1.11,1.135,1.169
PN,Pennsylvania,1.103,1.057,1.066
PN,Pennsylvania,1.098,1.031,0.943
PN,Pennsylvania,1.091,1.142,1.038
PN,Pennsylvania,1.088,1.064,0.867
PN,Pennsylvania,1.084,1.075,0.926
PN,Pennsylvania,1.083,1.062,0.993
PN,Pennsylvania,1.078,1.066,0.977
PN,Pennsylvania,1.072,1.021,0.931
PN,Pennsylvania,1.062,1.025,0.965
PN,Pennsylvania,1.062,1.028,1.136
PN,Pennsylvania,1.062,1.049,1.255
PN,Pennsylvania,1.061,0.956,1.063
PN,Pennsylvania,1.047,1.026,1.197
PN,Pennsylvania,1.044,1.042,0.975
PN,Pennsylvania,1.035,1.061,0.98
PN,Pennsylvania,1.029,0.904,1.018
PN,Pennsylvania,1.027,0.996,1.139
PN,Pennsylvania,1.027,1.1,0.936
PN,Pennsylvania,1.019,1.038,0.941
PN,Pennsylvania,1.014,0.999,1.148
PN,Pennsylvania,1.013,1.051,0.992
PN,Pennsylvania,1.009,0.994,1.124
PN,Pennsylvania,1.006,0.96,1.029
PN,Pennsylvania,1.006,1.007,1.102
PN,Pennsylvania,1.004,0.932,1.12
PN,Pennsylvania,1.004,1.038,1.145
PN,Pennsylvania,1.001,0.97,1.077
PN,Pennsylvania,0.999,0.999,1.008
PN,Pennsylvania,0.991,0.899,0.945
PN,Pennsylvania,0.989,1.017,1.125
PN,Pennsylvania,0.987,0.991,1.016
PN,Pennsylvania,0.981,1.037,1.015
PN,Pennsylvania,0.977,0.954,0.938
PN,Pennsylvania,0.975,0.971,1.028
PN,Pennsylvania,0.974,1.003,1.091
PN,Pennsylvania,0.971,0.992,0.984
PN,Pennsylvania,0.969,1.012,1.108
PN,Pennsylvania,0.967,1.019,0.901
PN,Pennsylvania,0.963,0.939,1.15
PN,Pennsylvania,0.959,0.949,1.044
PN,Pennsylvania,0.954,0.948,1.026
PN,Pennsylvania,0.95,0.974,1.163
PN,Pennsylvania,0.949,0.937,0.926
PN,Pennsylvania,0.943,0.914,0.89
PN,Pennsylvania,0.941,0.988,0.994
PN,Pennsylvania,0.935,0.963,0.983
PN,Pennsylvania,0.935,0.978,0.979
PN,Pennsylvania,0.919,0.927,1.084
PN,Pennsylvania,0.918,0.926,0.946
PN,Pennsylvania,0.918,0.932,1.101
PN,Pennsylvania,0.913,0.81,1.095
PN,Pennsylvania,0.912,0.939,0.981
PN,Pennsylvania,0.904,0.919,1.064
PN,Pennsylvania,0.883,0.915,1.17
PN,Pennsylvania,0.874,0.902,1.093
PN,Pennsylvania,0.873,0.836,1.093
PN,Pennsylvania,0.848,0.914,1.116
PN,Rhode Island,1.176,1.105,1.063
PN,Rhode Island,1.003,0.887,0.977
PN,Rhode Island,0.922,0.964,1.062
PN,South Carolina,1.15,1.071,1.06
PN,South Carolina,1.147,1.162,1.109
PN,South Carolina,1.11,1.07,1.043
PN,South Carolina,1.09,1.062,0.993
PN,South Carolina,1.084,1.145,1.203
PN,South Carolina,1.079,1.043,1.01
PN,South Carolina,1.077,1.037,1.082
PN,South Carolina,1.018,1.019,1.201
PN,South Carolina,1,0.993,1.134
PN,South Carolina,0.994,0.94,1.076
PN,South Carolina,0.987,0.974,0.965
PN,South Carolina,0.981,1.029,0.947
PN,South Carolina,0.98,0.979,1.023
PN,South Carolina,0.974,1.015,1.081
PN,South Carolina,0.972,0.919,1.089
PN,South Carolina,0.952,0.911,1.058
PN,South Carolina,0.951,0.963,0.865
PN,South Carolina,0.943,0.943,1.064
PN,South Carolina,0.934,0.932,1.02
PN,South Carolina,0.93,0.934,0.986
PN,South Carolina,0.917,0.916,1.028
PN,South Carolina,0.871,0.906,1.041
PN,South Dakota,0.974,0.963,1.043
PN,South Dakota,0.937,0.963,1.039
PN,South Dakota,0.928,0.939,1.08
PN,South Dakota,0.926,0.88,1.094
PN,South Dakota,0.91,0.905,0.991
PN,South Dakota,0.847,0.868,0.965
PN,South Dakota,0.781,0.846,1.15
PN,Tennesse,1.256,1.32,1.097
PN,Tennesse,1.213,1.046,1.088
PN,Tennesse,1.19,1.154,0.936
PN,Tennesse,1.183,1.148,0.949
PN,Tennesse,1.156,1.123,0.871
PN,Tennesse,1.151,1.153,0.916
PN,Tennesse,1.132,1.109,1.012
PN,Tennesse,1.128,1.062,0.915
PN,Tennesse,1.117,1.101,1.147
PN,Tennesse,1.103,1.064,1.042
PN,Tennesse,1.095,1.057,1.052
PN,Tennesse,1.084,1.049,1.053
PN,Tennesse,1.075,1.124,0.926
PN,Tennesse,1.068,1.08,1.092
PN,Tennesse,1.055,0.985,1.247
PN,Tennesse,1.039,1.029,0.972
PN,Tennesse,1.027,0.996,1.027
PN,Tennesse,1.026,0.996,1.005
PN,Tennesse,1.025,1.001,0.986
PN,Tennesse,1.017,1.077,0.969
PN,Tennesse,1.016,1.061,1.084
PN,Tennesse,1.012,0.988,0.976
PN,Tennesse,1.009,1.082,1.145
PN,Tennesse,1.009,0.918,1.138
PN,Tennesse,1.008,1.038,1.134
PN,Tennesse,1,0.997,1.028
PN,Tennesse,0.999,1.039,1.054
PN,Tennesse,0.985,0.937,1.012
PN,Tennesse,0.983,0.967,0.921
PN,Tennesse,0.97,1.058,1.095
PN,Tennesse,0.966,0.926,1.157
PN,Tennesse,0.965,1.023,1.103
PN,Tennesse,0.954,0.999,1.047
PN,Tennesse,0.945,0.976,1.011
PN,Tennesse,0.941,0.942,1.05
PN,Tennesse,0.937,1.015,1.079
PN,Tennesse,0.921,0.916,1.046
PN,Tennesse,0.92,0.97,1.1
PN,Tennesse,0.918,0.941,1.051
PN,Tennesse,0.903,0.97,0.874
PN,Texas,1.12,1.044,1.035
PN,Texas,1.102,1.181,1.065
PN,Texas,1.101,1.087,1.006
PN,Texas,1.098,1.095,0.95
PN,Texas,1.096,0.986,0.959
PN,Texas,1.085,1.133,1.02
PN,Texas,1.08,1.084,1.038
PN,Texas,1.079,1.148,1.081
PN,Texas,1.078,0.967,1.005
PN,Texas,1.078,1.039,1.041
PN,Texas,1.074,1.072,1.003
PN,Texas,1.073,1.024,1.143
PN,Texas,1.072,1.077,0.959
PN,Texas,1.068,1.027,1.006
PN,Texas,1.066,1.025,0.909
PN,Texas,1.065,0.946,0.984
PN,Texas,1.06,0.974,1.015
PN,Texas,1.057,1.132,1.081
PN,Texas,1.049,1.014,1.219
PN,Texas,1.048,1.035,1.062
PN,Texas,1.045,0.994,0.981
PN,Texas,1.044,0.98,1.006
PN,Texas,1.039,1.007,0.976
PN,Texas,1.039,1.06,1.021
PN,Texas,1.038,0.953,1.142
PN,Texas,1.038,0.947,0.957
PN,Texas,1.037,0.983,1.071
PN,Texas,1.035,1.055,1.033
PN,Texas,1.031,1,1.061
PN,Texas,1.026,0.955,0.911
PN,Texas,1.024,1.034,0.945
PN,Texas,1.023,0.945,0.942
PN,Texas,1.02,1.053,0.963
PN,Texas,1.02,1.067,1.039
PN,Texas,1.019,1.011,0.932
PN,Texas,1.016,1.008,0.993
PN,Texas,1.015,1.034,1.142
PN,Texas,1.015,0.988,1.045
PN,Texas,1.014,1.019,1.083
PN,Texas,1.014,1.019,1.012
PN,Texas,1.01,1.001,1.006
PN,Texas,1.008,0.969,0.978
PN,Texas,1.004,1.062,0.868
PN,Texas,1.003,0.954,1.06
PN,Texas,1.002,0.995,1.125
PN,Texas,1.001,1.061,1.078
PN,Texas,0.999,0.996,1.253
PN,Texas,0.999,0.932,1.081
PN,Texas,0.999,1.059,1.125
PN,Texas,0.997,0.989,1.042
PN,Texas,0.996,1.055,1.064
PN,Texas,0.994,1.057,1.1
PN,Texas,0.993,0.972,1.13
PN,Texas,0.993,0.997,0.97
PN,Texas,0.987,1.001,0.861
PN,Texas,0.985,0.934,0.962
PN,Texas,0.981,0.938,1.042
PN,Texas,0.979,1.043,1.026
PN,Texas,0.978,1.014,1.022
PN,Texas,0.978,0.984,1.001
PN,Texas,0.978,1.015,0.955
PN,Texas,0.976,0.962,1.005
PN,Texas,0.976,1.029,0.994
PN,Texas,0.975,1.015,1.03
PN,Texas,0.975,0.926,1.009
PN,Texas,0.975,0.986,0.961
PN,Texas,0.974,1.002,1.027
PN,Texas,0.973,0.903,1.021
PN,Texas,0.973,0.95,1.084
PN,Texas,0.973,0.97,1.075
PN,Texas,0.971,1.116,1.051
PN,Texas,0.971,1.007,1.07
PN,Texas,0.97,0.954,1.11
PN,Texas,0.968,0.977,1.209
PN,Texas,0.965,0.91,0.957
PN,Texas,0.964,0.946,1.045
PN,Texas,0.963,1.005,1.029
PN,Texas,0.961,0.946,0.926
PN,Texas,0.961,0.973,0.899
PN,Texas,0.961,1.011,0.996
PN,Texas,0.961,0.973,0.959
PN,Texas,0.961,1.03,1.177
PN,Texas,0.959,0.975,1.044
PN,Texas,0.959,0.989,0.986
PN,Texas,0.959,0.954,1.011
PN,Texas,0.958,0.982,1.131
PN,Texas,0.957,0.928,1.012
PN,Texas,0.956,1.077,1.206
PN,Texas,0.955,1.038,0.94
PN,Texas,0.955,0.889,0.998
PN,Texas,0.955,0.963,0.882
PN,Texas,0.955,1.005,1.005
PN,Texas,0.954,0.925,1.011
PN,Texas,0.952,0.999,0.856
PN,Texas,0.95,0.969,1.091
PN,Texas,0.949,0.965,1.015
PN,Texas,0.947,0.982,1.174
PN,Texas,0.944,0.939,1.061
PN,Texas,0.941,0.956,1.05
PN,Texas,0.94,0.903,1.013
PN,Texas,0.939,0.956,1.063
PN,Texas,0.938,0.964,0.971
PN,Texas,0.937,0.996,0.98
PN,Texas,0.937,0.997,1.094
PN,Texas,0.936,0.959,0.962
PN,Texas,0.936,0.922,1.15
PN,Texas,0.935,0.98,0.839
PN,Texas,0.933,0.905,1.031
PN,Texas,0.93,0.931,0.982
PN,Texas,0.929,0.963,1.108
PN,Texas,0.927,0.931,1.198
PN,Texas,0.924,0.884,0.988
PN,Texas,0.923,0.982,0.97
PN,Texas,0.922,0.888,1.05
PN,Texas,0.92,0.964,0.998
PN,Texas,0.92,0.933,1.108
PN,Texas,0.915,0.979,1.181
PN,Texas,0.914,0.899,1.047
PN,Texas,0.908,1.001,1.196
PN,Texas,0.906,0.923,0.915
PN,Texas,0.905,0.854,1.162
PN,Texas,0.904,1.005,1.004
PN,Texas,0.902,0.988,1.024
PN,Texas,0.902,0.916,1.122
PN,Texas,0.897,0.908,0.953
PN,Texas,0.896,0.907,1.04
PN,Texas,0.893,0.862,1.082
PN,Texas,0.888,0.914,1.2
PN,Texas,0.878,0.982,0.952
PN,Texas,0.876,0.883,1.047
PN,Texas,0.872,0.895,1.038
PN,Texas,0.867,0.878,0.998
PN,Texas,0.864,0.86,1.029
PN,Texas,0.862,0.867,1.102
PN,Texas,0.852,0.876,0.93
PN,Texas,0.834,0.882,1.131
PN,Texas,0.834,0.887,1.145
PN,Texas,0.807,0.871,1.011
PN,Texas,0.795,0.864,0.88
PN,Texas,0.784,0.822,1.133
PN,Utah,1.01,0.999,1.131
PN,Utah,0.997,0.991,0.873
PN,Utah,0.996,0.954,1.039
PN,Utah,0.984,1.019,1.056
PN,Utah,0.979,0.947,1.034
PN,Utah,0.975,0.974,1.125
PN,Utah,0.965,0.963,1.07
PN,Utah,0.956,0.953,1.019
PN,Utah,0.948,0.918,1.021
PN,Utah,0.941,0.876,1.214
PN,Utah,0.939,0.975,1.174
PN,Utah,0.913,0.897,0.989
PN,Utah,0.909,0.965,1.004
PN,Utah,0.907,0.946,1.021
PN,Utah,0.88,0.994,0.972
PN,Utah,0.841,0.853,1.068
PN,Utah,0.813,0.817,0.918
PN,Virginia,1.252,1.182,1.13
PN,Virginia,1.219,1.217,1.041
PN,Virginia,1.147,1.115,1.015
PN,Virginia,1.124,1.143,1.024
PN,Virginia,1.112,1.135,1.093
PN,Virginia,1.084,1.115,1.035
PN,Virginia,1.083,1.16,0.977
PN,Virginia,1.072,1.077,0.981
PN,Virginia,1.069,1.069,0.922
PN,Virginia,1.068,1.016,1.04
PN,Virginia,1.048,1.003,0.953
PN,Virginia,1.046,1.041,1.08
PN,Virginia,1.044,1.052,0.979
PN,Virginia,1.042,1.064,1.013
PN,Virginia,1.033,1.026,0.986
PN,Virginia,1.029,1.045,0.963
PN,Virginia,1.02,1.03,0.987
PN,Virginia,1.017,1.019,1.023
PN,Virginia,1.011,1.013,1.107
PN,Virginia,1.004,0.971,1.025
PN,Virginia,1.004,0.991,1.067
PN,Virginia,1.001,1.064,1.078
PN,Virginia,0.988,0.963,0.96
PN,Virginia,0.978,1.03,1.016
PN,Virginia,0.976,1.009,1.049
PN,Virginia,0.975,1.033,1.028
PN,Virginia,0.974,0.951,1.005
PN,Virginia,0.973,1.027,1.015
PN,Virginia,0.967,0.977,0.977
PN,Virginia,0.96,0.98,1.094
PN,Virginia,0.948,0.961,1.071
PN,Virginia,0.945,0.975,1.076
PN,Virginia,0.942,1.017,1.004
PN,Virginia,0.941,0.943,0.909
PN,Virginia,0.932,0.992,1.066
PN,Virginia,0.871,0.883,1.019
PN,Vermont,0.948,0.982,1.002
PN,Vermont,0.855,0.897,1.149
PN,Washington,1.079,1.045,0.972
PN,Washington,1.067,1.021,0.987
PN,Washington,1.059,1.07,0.913
PN,Washington,1.048,1.069,1.064
PN,Washington,1.044,1.026,0.984
PN,Washington,1.014,1.036,0.969
PN,Washington,1.003,1.031,0.925
PN,Washington,0.973,0.942,0.977
PN,Washington,0.966,0.936,0.933
PN,Washington,0.961,0.957,1.05
PN,Washington,0.957,1.044,0.938
PN,Washington,0.935,0.916,1.062
PN,Washington,0.935,0.927,1.003
PN,Washington,0.934,0.961,1.003
PN,Washington,0.927,0.964,0.901
PN,Washington,0.924,0.924,1.103
PN,Washington,0.914,0.909,0.973
PN,Washington,0.908,0.956,0.885
PN,Washington,0.853,0.873,0.937
PN,Washington,0.842,0.879,0.946
PN,Washington,0.81,0.928,1.029
PN,Wisconsin,1.056,1.054,0.955
PN,Wisconsin,0.995,1.024,1.044
PN,Wisconsin,0.974,0.948,1.217
PN,West Virginia,1.222,1.256,1.103
PN,West Virginia,1.173,1.254,1.043
PN,West Virginia,1.112,1.136,1.082
PN,West Virginia,1.105,1.036,1.149
PN,West Virginia,1.105,1.083,1.073
PN,West Virginia,1.09,1.079,0.987
PN,West Virginia,1.06,1.002,0.963
PN,West Virginia,1.053,1.023,0.981
PN,West Virginia,1.046,1.033,1
PN,West Virginia,1.032,1.068,0.94
PN,West Virginia,1.006,1.035,1.045
PN,West Virginia,0.99,0.972,1.024
PN,West Virginia,0.967,1.026,0.986
PN,West Virginia,0.931,0.929,0.993
PN,West Virginia,0.897,0.951,1.033
PN,Wyoming,1.031,0.932,0.935
PN,Wyoming,0.989,0.978,0.987
PN,Wyoming,0.959,0.945,1.02
PN,Wyoming,0.926,0.898,0.972
PN,Wyoming,0.922,0.965,1.079
PN,Wyoming,0.889,0.89,1.061
