Alabama,6.2,5.9,5.2
Alabama,6.6,6.2,5.5
Alabama,10.3,10.6,8.9
Alabama,7.9,7.2,6.6
Alabama,6.3,6.2,5.4
Alabama,9.4,8.9,7.8
Alabama,10.3,8.6,7.5
Alabama,8.8,8,7
Alabama,8,6.7,6
Alabama,6.6,5.8,5.4
Alabama,6.6,6.3,5.7
Alabama,9.3,9.1,9.1
Alabama,13.8,12.2,11.8
Alabama,8.4,7.2,6.2
Alabama,7.7,6.6,6
Alabama,6.9,6.7,5.9
Alabama,8.2,8.3,7.9
Alabama,10.8,10.4,9.2
Alabama,9.2,8.8,6.7
Alabama,8.1,7.8,7.1
Alabama,7.6,6.9,6
Alabama,6.6,6.1,5.3
Alabama,7.4,7.1,6.4
Alabama,12.3,11.3,9.6
Alabama,7.6,6.9,6
Alabama,6.2,5.7,5.1
Alabama,8.6,8,7
Alabama,7.6,7.1,6.1
Alabama,8.3,7.9,7
Alabama,8.1,7.8,6.4
Alabama,7,6.7,5.9
Alabama,12.8,12.5,11
Alabama,11.7,9.9,7.8
Alabama,7.7,7.5,6.8
Alabama,6.9,6.8,6.2
Alabama,7.9,7.3,6.6
Alabama,6.7,6.3,5.8
Alabama,7.1,7,6.3
Alabama,7.1,7.2,6.9
Alabama,8.4,8.3,7.7
Alabama,5.9,5.6,5.1
Alabama,6.3,6.1,5.5
Alabama,14.2,12.9,11.6
Alabama,9.7,9.1,8.1
Alabama,6.3,6.2,5.5
Alabama,8.9,8,7.7
Alabama,7.9,7.9,7
Alabama,6.8,6.7,5.8
Alabama,8.5,7.8,7
Alabama,11.9,11.1,10.1
Alabama,7.3,6.9,6.2
Alabama,6.9,6.6,5.8
Alabama,13.6,12.2,10
Alabama,9.4,8.2,6.8
Alabama,7.6,7.4,6.7
Alabama,7.8,6.7,5.9
Alabama,7.3,6.6,6
Alabama,6.1,5.8,5.2
Alabama,4.6,4.5,4.2
Alabama,9.1,8.5,8
Alabama,8.6,7.8,6.6
Alabama,8.1,7.5,6.1
Alabama,6.4,5.9,5.5
Alabama,8.4,7.9,7.2
Alabama,10.9,9.6,8.9
Alabama,19.3,17,14.7
Alabama,9.4,8.6,7.6
Arizona,18.4,15.7,13.4
Arizona,9.1,8.3,7.4
Arizona,8.1,7.1,6.6
Arizona,9.6,8.3,8
Arizona,7.8,7.5,7.4
Arizona,5.9,6.5,7.9
Arizona,8.2,7.6,7.6
Arizona,6.6,5.8,5.2
Arizona,10.3,8.7,8
Arizona,13.5,11.1,9.7
Arizona,6.8,6,5.6
Arizona,8.1,7.1,6.3
Arizona,15.3,12.9,11.5
Arizona,7.7,6.3,5.6
Arizona,25.5,22.9,21.8
Arkansas,7.3,6.1,5.2
Arkansas,7.4,5.4,4.4
Arkansas,11,9.4,8
Arkansas,8.1,6.8,5.7
Arkansas,5.7,4.7,3.9
Arkansas,7.1,6.1,5.1
Arkansas,9.9,8.5,6.2
Arkansas,8.3,6.7,5.8
Arkansas,6.1,5.2,4.8
Arkansas,11.8,10.6,9.4
Arkansas,9.1,7.1,5.7
Arkansas,9.9,7.9,6.9
Arkansas,8.6,8.4,7.2
Arkansas,7.7,6.9,5.8
Arkansas,8.9,7.2,6.8
Arkansas,9.3,7.2,6.3
Arkansas,6.6,5.5,4.6
Arkansas,7.7,6.1,5.4
Arkansas,8.5,7.5,6.4
Arkansas,7.7,6.4,5.6
Arkansas,11,9.4,7.4
Arkansas,9.8,8.2,7.6
Arkansas,9.9,8.5,7.1
Arkansas,6.6,5.6,4.8
Arkansas,7,5.7,5.2
Arkansas,7,5.9,5.4
Arkansas,7.7,6.4,5.7
Arkansas,6.6,5.5,4.7
Arkansas,8,6.4,5.3
Arkansas,7.3,6.1,5.2
Arkansas,7.4,5.9,5.2
Arkansas,6.5,5.9,4.4
Arkansas,9.1,7.9,6.7
Arkansas,8.8,7.6,6.9
Arkansas,11,9.3,7.8
Arkansas,10.4,8.9,7.2
Arkansas,7.7,6.6,6
Arkansas,9.8,7.9,7.9
Arkansas,9,7.3,6.3
Arkansas,9.5,7.7,6.9
Arkansas,8.4,7.2,6.3
Arkansas,7.7,6.6,5.7
Arkansas,7.9,6.1,5.9
Arkansas,6.2,5.2,4.3
Arkansas,5.9,4.9,3.9
Arkansas,7.8,6.4,5.4
Arkansas,6.5,5.9,5.2
Arkansas,11.5,9.3,9.3
Arkansas,8.9,6.8,6.3
Arkansas,8.5,8.1,7
Arkansas,7.8,6.1,5.2
Arkansas,7,5.9,5.1
Arkansas,9.8,8.1,6.6
Arkansas,9.5,7.8,6.3
Arkansas,11.5,9.7,7.9
Arkansas,8.9,7.4,6.2
Arkansas,8.6,7,5.7
Arkansas,7.3,6.4,6
Arkansas,7.4,6.3,5.5
Arkansas,7.1,5.9,4.8
Arkansas,6.6,5.6,4.7
Arkansas,9.7,8,7.4
Arkansas,10.5,8.8,7.5
Arkansas,5.9,4.9,4.2
Arkansas,6.4,5.1,5
Arkansas,8.1,6.4,5.8
Arkansas,7.5,5.8,5
Arkansas,8.5,7.1,6.4
Arkansas,9.9,8.6,7.1
Arkansas,8.5,7.7,6.5
Arkansas,8.7,7.5,6.4
Arkansas,9.8,8.2,7
Arkansas,5.4,4.4,3.6
Arkansas,7.9,7.1,6.5
Arkansas,9.6,7.7,6.7
Arkansas,6.6,5.7,5.3
California,7.2,5.8,4.7
California,9.7,8.2,7.9
California,10.3,8.3,6.6
California,10.3,8.6,7.2
California,9.9,8,6.5
California,18.9,17.4,15.3
California,7.5,6.2,5
California,11.8,10.1,8.6
California,8.5,7,5.7
California,13.3,11.6,10.2
California,12.1,10.6,8.7
California,8.1,6.7,5.6
California,25,24,24
California,7.8,6.8,5.8
California,11.7,10.4,10.2
California,13.4,11.9,10.5
California,10.9,8.9,7.7
California,10.6,9.1,7.3
California,9.7,8.2,6.7
California,12.6,11.2,10.5
California,5.2,4.3,3.5
California,10.5,8.7,7.2
California,8.4,7,5.9
California,14.5,12.8,11.4
California,12.3,10.2,8.8
California,8.5,7,6.1
California,10.3,9,8.1
California,6.9,5.6,4.6
California,8.1,6.5,5.5
California,6.6,5.5,4.5
California,7.7,6.3,5
California,13.8,11.5,10.4
California,9.9,8.2,6.7
California,8.9,7.3,6
California,11.1,9.3,7.6
California,9.8,8,6.5
California,7.8,6.4,5.2
California,5.5,4.4,3.6
California,12.3,10.5,8.9
California,6.8,5.6,4.6
California,5.3,4.2,3.4
California,7.2,6.1,5.3
California,6.5,5.1,4.2
California,10.3,8.7,7.5
California,11.8,9.6,7.8
California,12.8,10.1,9
California,13.1,11.1,9.4
California,9.1,7.5,6.1
California,7.1,5.6,4.5
California,12.9,11.1,9.5
California,14.6,12.6,10.8
California,11.6,9.6,8
California,11.9,9.4,7.8
California,14.4,13.1,11.7
California,10.8,8.6,7.1
California,7.9,6.6,5.7
California,9,7.5,6.4
California,13.2,11.2,9.2
Colorado,8.1,5.7,4.3
Colorado,9.7,7.2,5.2
Colorado,6.6,4.9,3.7
Colorado,8.7,5.9,4
Colorado,4.1,2.7,2.1
Colorado,7.7,5.2,3.9
Colorado,5.5,4.1,3.2
Colorado,5.8,4.2,3.3
Colorado,6.1,4.4,3.4
Colorado,4.2,2.9,2.7
Colorado,6.2,4.6,3.7
Colorado,10.6,7.8,5.6
Colorado,11.2,9.1,6.5
Colorado,7.2,5.8,4.5
Colorado,6.4,4.6,3.5
Colorado,8.8,7,5.7
Colorado,6.6,4.8,3.7
Colorado,8.2,3.9,3.1
Colorado,5.3,4,3.1
Colorado,6,4.2,3.1
Colorado,5.9,4.3,3.1
Colorado,7.8,6,4.6
Colorado,10.7,8.2,6.2
Colorado,7.4,5.2,4.1
Colorado,6,4.4,3.1
Colorado,5.8,4,3.2
Colorado,5.5,4,2.9
Colorado,4.6,3.7,3
Colorado,13.7,10,7.7
Colorado,4.8,3.6,3.7
Colorado,6.2,4.5,3.5
Colorado,4.4,3.4,2.6
Colorado,3.9,3,2.4
Colorado,7.2,4.6,3.8
Colorado,5.7,4.2,3.5
Colorado,5.8,4.3,3.3
Colorado,11.1,7.5,5.6
Colorado,5.8,4.1,3.4
Colorado,5.1,3.8,3.1
Colorado,8.7,6.2,5.5
Colorado,5.9,4.9,3.7
Colorado,6.9,5.7,4.5
Colorado,7.7,6.1,5.6
Colorado,9.4,6.8,5.1
Colorado,6.5,4.6,3.8
Colorado,9.8,7.6,5.8
Colorado,7.6,5.7,4.3
Colorado,6.1,4.6,3.4
Colorado,4.6,3.3,2.4
Colorado,6.4,4.9,3.8
Colorado,6.3,4.7,4.1
Colorado,9.8,7.3,5.7
Colorado,7.8,5.9,5.3
Colorado,11.6,9.2,6.3
Colorado,5.9,4.2,3.2
Colorado,11.3,8.7,6.1
Colorado,8.8,5.2,4.1
Colorado,6.6,4.7,3.7
Colorado,6.2,4.6,3.4
Colorado,5,3.4,2.5
Colorado,7.8,5.8,4.4
Colorado,4.6,3.2,2.5
Colorado,6.6,4.5,3.8
Colorado,4.7,3.3,2.7
Connecticut,7.2,6.2,5.3
Connecticut,8,6.9,5.9
Connecticut,6.9,5.9,5
Connecticut,6.5,5.6,4.8
Connecticut,8.4,7.2,6.1
Connecticut,8,6.8,5.8
Connecticut,6.6,5.6,4.8
Connecticut,8.7,7.3,6.2
Delaware,7.4,6.4,5.4
Delaware,6.5,5.5,4.7
Delaware,6.9,5.8,5
Florida,5.7,5.2,4.5
Florida,7.4,6.4,5.4
Florida,7.3,6.3,5.4
Florida,6.3,5.6,4.8
Florida,8.3,7,5.9
Florida,6.8,5.9,5
Florida,7.9,6.9,6.1
Florida,8,6.9,5.9
Florida,9.7,8.6,7.4
Florida,6.4,5.8,4.9
Florida,7.1,6,5.2
Florida,7.6,6.6,5.4
Florida,8.2,7.1,6
Florida,8.5,7.4,6.1
Florida,7.6,6.7,5.7
Florida,7.3,6.5,5.6
Florida,8.4,7.4,6.2
Florida,5.6,5.6,4.6
Florida,9.2,8.2,7
Florida,7.9,6.7,5.5
Florida,7.5,7.7,7.1
Florida,6.8,6.1,5.1
Florida,8.6,7.6,5.1
Florida,8.3,7.7,6.7
Florida,12,11.4,10.3
Florida,9,7.9,6.8
Florida,9.6,8.4,7.4
Florida,6.6,5.8,5
Florida,7.9,7,6.2
Florida,9.7,7.9,6.8
Florida,7.5,6.6,5.8
Florida,7.8,6.6,5.8
Florida,5.2,5.1,4.5
Florida,7.4,6.4,5.4
Florida,7.3,6,5
Florida,6.1,5.6,5
Florida,8.2,6.9,5.7
Florida,6.7,6.7,5.7
Florida,7.8,7.2,6.2
Florida,6.7,5.7,5
Florida,8.6,7.3,6.4
Florida,7.2,6.1,5.2
Florida,7.6,6.9,6.1
Florida,4.9,4.1,3.5
Florida,6.8,6,5
Florida,5.7,5.2,4.5
Florida,8.8,7.4,6.2
Florida,6.8,5.9,4.9
Florida,7.9,6.7,5.7
Florida,7.2,5.9,5
Florida,7.7,6.7,5.8
Florida,6.7,5.8,4.9
Florida,8.3,7.2,6.2
Florida,10.5,8.6,7.2
Florida,5.5,4.7,3.9
Florida,10,8,6.2
Florida,6.4,5.5,4.8
Florida,7,5.9,5
Florida,6.7,5.7,4.8
Florida,9.3,8.3,7.5
Florida,6.9,6.3,5.5
Florida,7.8,6.8,6.6
Florida,6.3,6,4.8
Florida,8.2,6.8,5.7
Florida,6,5.2,4.6
Florida,6.1,5.3,4.6
Florida,7.7,6.7,5.9
Georgia,10.7,8.8,7.1
Georgia,9.4,7.6,5.6
Georgia,8.4,6.9,5.5
Georgia,10.5,9.1,7.3
Georgia,10.1,8.7,7.8
Georgia,7.8,6.6,5.4
Georgia,7.4,6.3,5.2
Georgia,8.7,7.1,5.7
Georgia,12.5,10,9
Georgia,9.6,8.5,7
Georgia,9.3,8,6.6
Georgia,14,11.2,9.1
Georgia,10.7,9.2,7.3
Georgia,8.3,7.2,5.9
Georgia,7.5,6.4,5.2
Georgia,8.7,7.3,6
Georgia,12,10,8
Georgia,9.3,7.5,6.4
Georgia,8.3,7,6.1
Georgia,7.8,6.6,5.5
Georgia,8.2,6.9,5.6
Georgia,9.6,8.2,6.6
Georgia,6.8,6.1,5.1
Georgia,8.5,7.3,6.2
Georgia,8.2,7.3,5.7
Georgia,11.2,9.9,8.8
Georgia,9,7.6,6.2
Georgia,6.1,5.5,4.6
Georgia,7.8,6.9,5.9
Georgia,11.4,11.3,11.3
Georgia,10.8,9.3,7.5
Georgia,9.2,8.4,6.8
Georgia,6.7,5.9,5
Georgia,9.9,8.1,6.6
Georgia,8.8,8.1,6.4
Georgia,6.5,5.8,5
Georgia,8.6,8.1,6.6
Georgia,7,6.1,5.2
Georgia,8.8,7.3,6.1
Georgia,11.2,8.9,6.9
Georgia,7.1,6.3,5.4
Georgia,7.4,6.1,5
Georgia,9.5,8.1,6.7
Georgia,8.4,7.2,5.9
Georgia,11.4,9.8,8.3
Georgia,11.5,9.7,7.5
Georgia,10.3,9.2,7.7
Georgia,8.6,7.4,6.2
Georgia,9.1,8.8,6.8
Georgia,6.3,5.8,4.7
Georgia,7.2,6.2,5
Georgia,10.8,8.6,7.4
Georgia,12.5,10.4,8.5
Georgia,7.6,6.4,5.5
Georgia,9,7.5,6
Georgia,6.7,6.1,5.1
Georgia,9.5,7.9,6.6
Georgia,5.9,5.2,4.4
Georgia,9.8,8.1,6.3
Georgia,8.1,7.1,5.8
Georgia,9,7.2,5.8
Georgia,9.5,8.1,6.6
Georgia,8.5,7.4,6
Georgia,8.9,7.3,5.7
Georgia,7.7,7.3,6
Georgia,9.9,8.2,7
Georgia,6.9,6,5.1
Georgia,8,6.9,5.6
Georgia,6.9,5.9,4.7
Georgia,14.7,11.7,10
Georgia,9.2,7.8,6.3
Georgia,6.6,6,5.2
Georgia,9.2,7.5,6.1
Georgia,9.4,7.9,6.2
Georgia,8.4,7.2,6
Georgia,7.5,6.8,5.8
Georgia,10.6,9.5,8.1
Georgia,6.9,5.9,4.8
Georgia,8.3,6.6,5.4
Georgia,10,8.1,6.4
Georgia,14,11.2,8.9
Georgia,12.4,10,8.2
Georgia,9.8,8.6,7
Georgia,7.2,6.3,5.3
Georgia,11.3,9.5,7.6
Georgia,8.5,8,6.6
Georgia,10.8,9.2,7.5
Georgia,6.9,6.2,5.3
Georgia,8.5,7.6,6.3
Georgia,10.1,8.3,6.6
Georgia,8.1,7.3,5.9
Georgia,8,7.2,5.9
Georgia,7.4,6.3,5.3
Georgia,11.3,10,8.2
Georgia,9,7.9,6.4
Georgia,12.7,11.7,8.9
Georgia,7.5,6.6,5.4
Georgia,8.8,7.6,8.2
Georgia,10.8,9.8,7.8
Georgia,7.4,6.4,5.3
Georgia,8.6,7.8,6.6
Georgia,8,6.6,5.6
Georgia,11.4,10.2,8.4
Georgia,8,6.6,5.4
Georgia,11.3,9.4,7.4
Georgia,9.3,8.4,7.4
Georgia,9.7,8.2,6.6
Georgia,5.6,5.1,4.3
Georgia,7.5,6.5,5.3
Georgia,7.2,6.1,5.1
Georgia,10.7,9.4,7.9
Georgia,8,6.6,5.2
Georgia,8.5,7.4,6.1
Georgia,8.5,7,5.6
Georgia,8.9,7.8,6.5
Georgia,8.9,7.8,6.5
Georgia,10.3,9,8
Georgia,8.2,8.3,6.7
Georgia,9.9,8.2,6.6
Georgia,10.3,9.7,9
Georgia,9.8,8.7,7.3
Georgia,9.1,7.8,6.4
Georgia,9.3,7.6,6.6
Georgia,12.6,10,8.1
Georgia,10.2,9.5,8
Georgia,11.5,9.4,7.8
Georgia,9.1,7.6,6.5
Georgia,8.7,7.5,6.7
Georgia,11.3,9.5,8.2
Georgia,9.2,7.8,7.6
Georgia,11.9,10.8,8.1
Georgia,8,7,6
Georgia,11.7,10.2,9.3
Georgia,11.4,9.7,8.5
Georgia,9.8,8,7.4
Georgia,9,8.7,7.1
Georgia,8.5,7.3,6.2
Georgia,11,9.9,8.5
Georgia,10.6,9.2,7.8
Georgia,12.3,10.5,8.2
Georgia,8.6,7.3,6
Georgia,10,7.9,6.5
Georgia,13.8,11.2,9.1
Georgia,7.9,6.5,5.2
Georgia,9.8,8.9,7.1
Georgia,8.1,7.2,5.8
Georgia,7.8,6.4,5.3
Georgia,9.4,7.9,6.4
Georgia,12,9.7,7.7
Georgia,9.7,8.1,6.9
Georgia,9.8,8.7,7.3
Georgia,9.2,8.6,8.9
Georgia,12.6,12.3,10.7
Georgia,7.4,6.2,5.1
Georgia,9.5,7.8,6.3
Georgia,11,9.1,7.6
Georgia,11.2,9.3,7.5
Georgia,10.3,8.7,7.4
Georgia,9.2,7.8,6.4
Hawaii,4.9,4.4,3.6
Hawaii,6.7,5.5,4.5
Hawaii,4.4,4.1,3.4
Hawaii,5.6,4.8,4.1
Hawaii,5.1,4.5,3.8
Idaho,6.2,4.8,4.1
Idaho,5.2,4.2,3.6
Idaho,13.7,9.9,7.6
Idaho,5.9,4.5,4
Idaho,5.2,4.5,4.4
Idaho,10.1,8.1,6.6
Idaho,5.9,4.5,4.1
Idaho,5.7,4.5,3.5
Idaho,8.1,6.5,6.2
Idaho,8.8,7.1,5.9
Idaho,5.5,4.2,3.4
Idaho,8,6,5.4
Idaho,6.9,5.4,4.3
Idaho,6.5,5.4,3.6
Idaho,7.6,5.9,4.9
Idaho,5.3,4.2,4.2
Idaho,5.3,4.2,3.3
Idaho,6.4,4.7,3.7
Idaho,11.4,9.3,8
Idaho,8.4,6.9,6.6
Idaho,6.8,5.2,4.7
Idaho,4.2,3.4,3.1
Idaho,5.3,4,3.6
Idaho,7.9,5.9,5.1
Idaho,4.9,4,3.4
Idaho,10,7.4,6.1
Idaho,5.1,4,3.4
Idaho,5.3,4,3.3
Idaho,7.3,5.8,5
Idaho,4.9,4,3.5
Idaho,9.4,7.8,7
Idaho,5,4.6,6
Idaho,7.6,5.7,4.4
Idaho,4.1,3.2,2.7
Idaho,5.6,4.6,3.7
Idaho,5,4.1,3.7
Idaho,4.3,3.8,3.5
Idaho,3.9,3.7,4.6
Idaho,6.5,5.6,4.9
Idaho,6.6,4.8,4.6
Idaho,12.2,9.9,7.7
Idaho,5,4,3.4
Idaho,5.7,4.3,3.6
Idaho,10.3,7.5,6.1
Idaho,7.4,6.6,5.7
Illinois,6.8,5.3,5
Illinois,12.7,10.5,8.6
Illinois,8.6,6.5,5.3
Illinois,10.2,7.8,6.6
Illinois,6.2,4.2,3.7
Illinois,9.1,7.2,6.5
Illinois,9.9,8.3,6.8
Illinois,8,6.4,5.5
Illinois,9.1,6.8,5.7
Illinois,7.5,6,5.2
Illinois,9.7,7.5,6.6
Illinois,9.4,7.1,6.3
Illinois,10,7.9,7.1
Illinois,6.8,5.4,4.5
Illinois,8.8,6.7,6.2
Illinois,9.7,7.5,6.1
Illinois,8.4,6.4,6
Illinois,7.9,5.9,5.4
Illinois,8.2,6.5,5.6
Illinois,8.3,6.5,5.6
Illinois,7,5.8,5
Illinois,7.4,5.7,4.7
Illinois,9.5,7.1,6.4
Illinois,8.6,6.7,6
Illinois,6.9,5.5,4.9
Illinois,9.3,7.4,6.5
Illinois,7.6,6,5.4
Illinois,11.9,9.2,8.2
Illinois,10.9,8.5,7.7
Illinois,9.5,7.1,6.9
Illinois,8.7,6.8,6.2
Illinois,11.6,8.7,6.8
Illinois,7.7,5.8,5.3
Illinois,8.6,6.5,6.4
Illinois,11.2,8.6,8.2
Illinois,7.9,6.2,5.9
Illinois,7.8,6.6,6.2
Illinois,8.5,6.3,5.7
Illinois,8,6.4,5.6
Illinois,8.1,6.4,6.3
Illinois,9.6,7.4,6.8
Illinois,9,7.1,6.3
Illinois,7.7,6.1,5.5
Illinois,12.4,9.5,8.6
Illinois,8.7,6.8,5.8
Illinois,10.4,7.9,6.8
Illinois,8.4,6.4,5.1
Illinois,8.9,6.9,6.2
Illinois,7.9,6.4,5.5
Illinois,10.4,8.1,7
Illinois,10.2,7.6,7.1
Illinois,8.1,6.2,5.4
Illinois,8.1,6.3,5.5
Illinois,8.1,6.4,5.5
Illinois,8.4,6.8,6.3
Illinois,8.7,6.6,5.3
Illinois,6.6,5.4,4.9
Illinois,11.4,8.5,7.1
Illinois,9.5,7.4,6.3
Illinois,8.9,7,6.1
Illinois,10.1,7.6,6.9
Illinois,9,6.8,6.7
Illinois,11,8.5,7.2
Illinois,9.9,8,7.4
Illinois,7.1,5.6,4.8
Illinois,7.9,7,6.2
Illinois,6.7,5.3,4.4
Illinois,11,8.7,7.7
Illinois,7.9,5.9,5.1
Illinois,7.3,5.4,4.4
Illinois,9.9,7.4,6.2
Illinois,9.7,7.6,6.9
Illinois,11.1,8.4,7.2
Illinois,7.2,5.6,5.1
Illinois,7.5,5.7,5.2
Illinois,9.1,8.1,7
Illinois,12.5,10.3,9
Illinois,10.1,7.7,6.4
Illinois,8.4,6.6,5.5
Illinois,8.4,6.4,6
Illinois,8.4,7,6.5
Illinois,9.9,7.8,6.6
Illinois,10.6,8.1,7.7
Illinois,7.4,5.9,5.3
Illinois,8.2,6.6,5.9
Illinois,8.8,6.6,5.8
Illinois,8.8,6.7,6
Illinois,9.4,7.4,6.6
Illinois,9.5,7.3,6.7
Illinois,8.7,6.7,6.3
Illinois,11.2,8.7,7.8
Illinois,10.6,8.4,7.1
Illinois,7.7,5.9,5.7
Illinois,7.4,5.8,5.4
Illinois,6.3,4.7,3.9
Illinois,7.8,6.5,7
Illinois,7.8,5.9,5.8
Illinois,8.8,6.9,6.3
Illinois,9.8,7.6,6
Illinois,9,7.1,6.2
Illinois,10.5,8.2,7.1
Illinois,7.2,5.5,5.1
Indiana,6.1,4.6,3.8
Indiana,7.5,5.7,4.5
Indiana,6,4.4,3.6
Indiana,7.1,5.4,4.4
Indiana,9.9,7.4,6
Indiana,5.7,4.4,3.7
Indiana,7.4,6,4.7
Indiana,7,5.2,4.3
Indiana,7.7,5.7,4.6
Indiana,6.9,5.4,4.5
Indiana,8.9,6.7,5.3
Indiana,7.1,5.1,4
Indiana,10,7.6,6
Indiana,5.7,4.5,3.8
Indiana,8.5,6.6,5.1
Indiana,6.7,4.9,4
Indiana,8.6,7,5.7
Indiana,5.3,4.1,3.4
Indiana,7.2,5.1,3.8
Indiana,10.3,7.8,6.5
Indiana,6.3,5.1,4.2
Indiana,9.8,7,5.9
Indiana,8.6,6.5,5.1
Indiana,8.3,6.2,4.8
Indiana,5.9,4.5,3.8
Indiana,9,6.8,5.5
Indiana,10.2,7.9,6.8
Indiana,5,4.1,3.4
Indiana,6.6,5.2,4.2
Indiana,7,5.6,4.5
Indiana,5.8,4.6,3.8
Indiana,8.8,6.8,5.3
Indiana,8.1,6.3,5
Indiana,7.7,5.8,4.3
Indiana,6.5,5,4
Indiana,7.7,6.7,5.8
Indiana,7.7,5.8,5
Indiana,7.9,6,4.8
Indiana,9.2,6.7,5.1
Indiana,6.2,5,4
Indiana,6.7,5.2,4.6
Indiana,6.6,4.9,4
Indiana,5.9,4.5,3.6
Indiana,9.1,7.9,6.8
Indiana,10.1,8.1,6.5
Indiana,9.3,7.1,5.6
Indiana,8.5,6.5,5
Indiana,7.4,5.5,4.1
Indiana,6.3,5.3,4.2
Indiana,8.7,6.6,5.2
Indiana,6.8,5.7,4.9
Indiana,7.2,5.4,4
Indiana,7.6,5.8,4.6
Indiana,8.9,7,5.7
Indiana,7.3,5.2,4.2
Indiana,8.3,6.9,5.4
Indiana,9.9,7.7,6
Indiana,10.1,8.1,6.2
Indiana,9.2,7,5.7
Indiana,7.7,5.8,4.7
Indiana,6.8,5.1,4.4
Indiana,7.2,6.2,5.4
Indiana,6.3,4.8,3.9
Indiana,7,5.4,4.5
Indiana,8.6,6.6,5.1
Indiana,8.7,6.5,5
Indiana,8.6,6.6,5.4
Indiana,7.4,5.6,4.3
Indiana,8.7,6.6,5
Indiana,8.9,6.8,5.4
Indiana,7.3,5.7,4.4
Indiana,6.7,5.1,4.1
Indiana,9.5,7.2,5.9
Indiana,6.3,4.9,3.9
Indiana,9.1,7.1,6.2
Indiana,7.5,5.9,4.9
Indiana,6.6,5,4.2
Indiana,6.8,5.2,4
Indiana,7.2,5.6,4.4
Indiana,7.1,5.4,4.2
Indiana,10.7,8.6,7.1
Indiana,9.4,7.6,6.1
Indiana,7.6,5.6,4.8
Indiana,8.8,6.1,4.9
Indiana,6.3,4.9,4.1
Indiana,8.7,6.6,5.1
Indiana,8.7,6.5,5.3
Indiana,6.3,4.8,3.9
Indiana,6.9,5.1,4.1
Indiana,7,5.2,4.1
Iowa,4.7,4.2,3.7
Iowa,4.2,4,3.2
Iowa,3.7,3.3,2.7
Iowa,6.4,5.6,4.8
Iowa,6.4,5.7,4.8
Iowa,4.9,4.3,3.9
Iowa,5.1,4.6,3.8
Iowa,5.1,4.9,4.5
Iowa,4.1,3.4,2.9
Iowa,3.8,3.6,3.4
Iowa,4.8,4.6,4.2
Iowa,4,3.9,3.6
Iowa,4.5,4.2,4.3
Iowa,5.2,4.8,4.3
Iowa,3.4,3.1,2.6
Iowa,5.1,4.3,3.6
Iowa,4.3,3.8,3.4
Iowa,5.4,4.6,3.9
Iowa,4.3,5,5.1
Iowa,5,4.7,4.4
Iowa,5.5,4.4,4
Iowa,4.5,4.1,3.6
Iowa,5.7,4.9,4.1
Iowa,5.8,5.2,4.9
Iowa,4.4,4,4.1
Iowa,3.6,3.3,2.8
Iowa,5.5,5.1,4.4
Iowa,4.5,3.7,3.2
Iowa,4.3,3.7,3.3
Iowa,6,4.9,4.6
Iowa,5.3,4.6,3.8
Iowa,4.6,4.1,3.6
Iowa,4.1,3.9,3.7
Iowa,5.3,5,4.5
Iowa,5.5,4.5,3.7
Iowa,4.5,3.9,3.3
Iowa,4.2,3.8,3.3
Iowa,4.7,4,3.4
Iowa,4.4,4.1,3.7
Iowa,5.2,4.3,3.6
Iowa,5.4,4.5,4.2
Iowa,4,3.3,2.7
Iowa,5.1,4.3,3.9
Iowa,4.5,4,3.3
Iowa,5.3,4.4,3.9
Iowa,4.6,4,3.5
Iowa,4.1,3.7,3.3
Iowa,4,3.5,3.1
Iowa,4.2,4.1,3.4
Iowa,5.4,5,4.1
Iowa,5.1,4.4,3.8
Iowa,5,4.3,3.7
Iowa,3.4,3,2.6
Iowa,5.3,4.9,4.1
Iowa,5.1,4.4,4.2
Iowa,3.6,3.2,2.8
Iowa,7.2,5.8,5.3
Iowa,5,4.3,3.7
Iowa,5.1,4.5,3.7
Iowa,4.7,3.9,3.5
Iowa,2.9,2.5,2
Iowa,5.1,4.5,3.8
Iowa,4.8,4.3,3.9
Iowa,4.5,3.8,3.2
Iowa,6,5.3,5
Iowa,4.4,4.3,4
Iowa,4.3,3.5,2.8
Iowa,5.7,4.9,4.3
Iowa,5.7,5,4.3
Iowa,4.9,4.1,3.5
Iowa,5.2,4.5,3.8
Iowa,3.6,3.2,2.8
Iowa,3.8,3.3,2.8
Iowa,5.3,4.4,4
Iowa,3.8,3.6,3
Iowa,4,3.4,2.8
Iowa,3.8,3.4,3
Iowa,4.8,4.2,3.6
Iowa,4.6,4.2,3.6
Iowa,4.6,4.2,3.6
Iowa,4.3,3.8,3.3
Iowa,4.2,3.9,3.2
Iowa,5.6,5.2,4.6
Iowa,3.8,3.1,2.8
Iowa,3.5,2.9,2.4
Iowa,3.3,2.9,2.4
Iowa,5.6,5.2,4.3
Iowa,3.8,3.6,3.1
Iowa,4.9,4.7,4.1
Iowa,5.5,4.5,4
Iowa,6.3,5.4,5.1
Iowa,4.5,3.9,3.3
Iowa,3.8,3.6,3.1
Iowa,5.2,5,3.9
Iowa,5.3,4.8,4.2
Iowa,4.8,4.2,3.9
Iowa,4.6,4.2,3.6
Iowa,4.8,4.3,3.7
Iowa,5.2,4.5,3.9
Iowa,4.5,4,3.8
Kansas,6.1,5.1,5.2
Kansas,5.9,5.2,5
Kansas,8.6,6.5,6.1
Kansas,4,3.1,4.3
Kansas,4.1,3.6,4.3
Kansas,6.5,5.3,4.9
Kansas,5,4.1,4
Kansas,5.6,4.9,4.3
Kansas,5.6,4.1,3.7
Kansas,6.2,5.4,5.8
Kansas,6.4,5.1,4.5
Kansas,3.4,3.1,2.8
Kansas,3.1,2.6,2.5
Kansas,5.1,4.5,4.3
Kansas,4.4,4.2,3.9
Kansas,5.9,5.7,5.7
Kansas,3.5,3.1,3.5
Kansas,5.8,4.7,4.7
Kansas,5.9,5.4,5.1
Kansas,4,3.5,3.8
Kansas,5.9,5.1,5.3
Kansas,5.4,4.5,4.4
Kansas,4.8,4.1,3.7
Kansas,3.7,3.3,3.3
Kansas,5.7,5.2,4.9
Kansas,3.2,2.8,3
Kansas,3.4,3,3.7
Kansas,4.3,3.5,3.6
Kansas,4,3.8,3.4
Kansas,6.2,5.1,4.6
Kansas,8.7,7.3,6.2
Kansas,3.3,2.6,2.6
Kansas,4.2,3.3,4
Kansas,3.6,3.4,3.7
Kansas,3,2.7,2.3
Kansas,2.4,2.1,2.2
Kansas,5.4,4.5,4.7
Kansas,2.9,2.3,2
Kansas,4,3.7,3.9
Kansas,4.9,4.3,3.9
Kansas,2.9,2.6,2.6
Kansas,3.9,3.4,3.3
Kansas,5.1,4.2,3.7
Kansas,5.8,4.9,4.2
Kansas,3.7,3.9,4.5
Kansas,4.3,3.8,3.4
Kansas,3.6,3.1,3.2
Kansas,5.5,4,4.4
Kansas,3.4,3.3,3
Kansas,7.2,5.9,5.8
Kansas,3.5,3.2,3.4
Kansas,6,5,4.5
Kansas,4.6,4.2,3.5
Kansas,8.7,7.5,6.4
Kansas,2.8,2.3,2.5
Kansas,7.2,5.2,4.4
Kansas,3.9,3.3,3
Kansas,4.7,4.1,3.9
Kansas,3.9,3.3,2.9
Kansas,3.2,2.7,3
Kansas,5.6,4.7,4.3
Kansas,2.9,3.3,3.4
Kansas,6.8,5.8,6.5
Kansas,5.5,4.5,4.4
Kansas,4,4,4.4
Kansas,3.5,2.9,2.6
Kansas,8.5,7.5,7.5
Kansas,3.1,2.7,3.3
Kansas,2.8,2.4,2.5
Kansas,6.7,5.5,5
Kansas,4.3,3.7,3.5
Kansas,4.5,4.1,3.9
Kansas,4.4,3.8,3.7
Kansas,4.3,3.5,3.3
Kansas,4.6,3.9,3.5
Kansas,4,3.3,4.1
Kansas,2.7,2.5,2.4
Kansas,5.3,4.4,4.3
Kansas,3.4,3.1,2.8
Kansas,4.3,3.5,3.8
Kansas,4.2,3.7,3.3
Kansas,4.2,3.6,4.6
Kansas,4.3,3.6,3.6
Kansas,4,3.5,3.8
Kansas,5,4.2,3.8
Kansas,2.9,2.8,2.8
Kansas,6.2,5.4,4.8
Kansas,4.1,3.5,4.4
Kansas,5.8,4.8,4.3
Kansas,2.7,2.7,2.3
Kansas,4,3.2,3
Kansas,3.6,3.2,3.9
Kansas,4.4,3.8,4
Kansas,3.7,3.3,3
Kansas,3,3,3.8
Kansas,5.7,4.8,4.5
Kansas,3.5,2.9,2.7
Kansas,3.7,3.1,3.6
Kansas,5.1,4.1,3.9
Kansas,3.3,2.6,2.7
Kansas,3.7,3.2,3.2
Kansas,3.5,2.8,3
Kansas,8.9,6.9,6.7
Kansas,6.3,5.3,5.1
Kansas,8,6.9,6.1
Kentucky,10.2,8.7,7.6
Kentucky,7.5,5.9,5
Kentucky,6.5,5.2,4.2
Kentucky,9.2,8,7.1
Kentucky,7.7,6.3,5.3
Kentucky,10.4,8.9,7.8
Kentucky,13.4,10.1,8.5
Kentucky,6.7,5.2,4.2
Kentucky,7.1,5.6,4.9
Kentucky,9.5,7.5,7
Kentucky,8.9,6.9,5.7
Kentucky,9.9,7.9,6.4
Kentucky,15,11.4,9.5
Kentucky,9.2,7.2,6.1
Kentucky,7.4,5.8,4.7
Kentucky,9.2,7.5,6
Kentucky,8.2,6.5,5.6
Kentucky,7.3,5.8,4.8
Kentucky,6.6,5.2,4.2
Kentucky,7.2,6,5.8
Kentucky,9.2,7.1,5.8
Kentucky,12.7,10.7,10
Kentucky,8.7,6.8,5.7
Kentucky,9.5,7.6,6.4
Kentucky,7.6,6.1,5.3
Kentucky,14.4,11.2,9.7
Kentucky,10.5,9,8.3
Kentucky,7.5,6.2,5.5
Kentucky,10.7,7.6,6
Kentucky,6.9,5.7,4.7
Kentucky,10.1,8.4,7.1
Kentucky,14.6,11.3,10
Kentucky,9.8,7.5,6.2
Kentucky,5.8,4.8,3.9
Kentucky,9.5,7.7,6.3
Kentucky,13.4,10.3,9.4
Kentucky,6.6,5.3,4.4
Kentucky,10.8,8.3,7.7
Kentucky,9.4,7,5.3
Kentucky,8.3,6.5,5.2
Kentucky,8.4,6.5,5.4
Kentucky,8.5,7.5,6.3
Kentucky,10.4,8.4,6.8
Kentucky,8.3,6.6,5.4
Kentucky,10.3,8.5,7.8
Kentucky,7.3,6.1,5.1
Kentucky,7.7,6.2,5.1
Kentucky,18.2,14,11.7
Kentucky,7.6,6,4.7
Kentucky,8,6.3,5.2
Kentucky,7.5,6.1,5
Kentucky,7.3,5.8,4.8
Kentucky,7.2,6.2,5.8
Kentucky,8,6.5,5.7
Kentucky,11.7,11.5,8.6
Kentucky,7.6,6,4.9
Kentucky,6.6,5.3,4.3
Kentucky,11.1,9.2,8.4
Kentucky,7.1,5.6,4.6
Kentucky,15.5,11.1,9.9
Kentucky,13.1,10,8.3
Kentucky,8.2,6.6,5.3
Kentucky,9.8,7.6,6.3
Kentucky,11.3,9.6,9.4
Kentucky,12.6,9.7,8.5
Kentucky,17.7,12.9,10.8
Kentucky,16.8,12.4,11.2
Kentucky,12.2,9.6,8.6
Kentucky,10.8,8.9,6.9
Kentucky,10,8.2,7.4
Kentucky,7.2,5.7,4.8
Kentucky,8.2,6.9,5.8
Kentucky,7.9,7,5.9
Kentucky,13.2,10.6,8.3
Kentucky,7.7,6.4,5
Kentucky,6.6,5.4,4.4
Kentucky,17.7,14,14.7
Kentucky,8.2,6.4,5.1
Kentucky,8.2,6.7,5.7
Kentucky,9.8,9.1,9.6
Kentucky,10,7.9,6.1
Kentucky,9.1,7.1,5.6
Kentucky,12.2,9.8,8.7
Kentucky,7.9,6.2,5.1
Kentucky,7.8,6.1,5.3
Kentucky,7.2,5.5,4.4
Kentucky,8.5,7.5,6.6
Kentucky,10.7,9.4,8
Kentucky,9.4,7.6,7.1
Kentucky,7.6,6.1,5.1
Kentucky,8.7,7.8,6
Kentucky,9.3,7.7,6.4
Kentucky,5.7,4.7,4
Kentucky,6.4,5,4.1
Kentucky,12.7,10.4,10.4
Kentucky,8.4,6.7,5.5
Kentucky,14,10.3,8.9
Kentucky,12,10.5,9.5
Kentucky,10.8,8.5,7.2
Kentucky,9.3,7.4,6
Kentucky,11.1,7.8,6.5
Kentucky,9.3,7.6,6.6
Kentucky,8.4,7,6
Kentucky,11.6,10.2,11.9
Kentucky,6.1,4.9,4.1
Kentucky,6.1,5,4.1
Kentucky,7.6,5.9,4.8
Kentucky,6.5,5.3,4.4
Kentucky,9.5,7.7,6.6
Kentucky,7.5,5.4,4.8
Kentucky,9.1,7.1,5.9
Kentucky,8.4,7.3,5.8
Kentucky,7.8,6.4,6.9
Kentucky,6.9,5.6,4.6
Kentucky,7,5.5,4.4
Kentucky,12,9.7,8.1
Kentucky,7.2,5.5,5.2
Kentucky,10.7,8.7,7
Kentucky,14.3,11.3,10.1
Kentucky,5.3,4.5,3.6
Maine,6.6,5.4,4.1
Maine,8.6,7.6,6
Maine,5.3,4.4,3.4
Maine,7.7,6.5,4.8
Maine,7.9,6.9,5.7
Maine,6.2,5.3,4.2
Maine,5.9,5.1,4.1
Maine,6.7,5.9,4.4
Maine,8.3,7,5.5
Maine,6.9,6.1,4.8
Maine,8.8,7.4,5.8
Maine,5.6,4.6,3.5
Maine,9.1,7.9,6.6
Maine,7,6,5.1
Maine,9.4,8.3,6.6
Maine,6.3,5.2,3.9
Maryland,8.5,7.6,7.1
Maryland,5.7,5.1,4.5
Maryland,6.9,6.1,5.4
Maryland,5.9,5.3,4.6
Maryland,7,6.2,5.6
Maryland,5.5,4.8,4.3
Maryland,7.7,6.6,6
Maryland,6.5,5.7,5.1
Maryland,9.8,8.4,7.4
Maryland,5.8,5,4.5
Maryland,8.1,7.1,6.5
Maryland,6.5,5.7,5
Maryland,4.8,4.3,3.9
Maryland,7.2,6.4,5.4
Maryland,5,4.4,4
Maryland,6.9,6,5.3
Maryland,5.9,5.1,4.6
Maryland,6,5.4,5
Maryland,10.7,9.4,8.3
Maryland,6.4,5.5,5.1
Maryland,7.4,6.5,5.8
Maryland,8.7,7.7,6.8
Maryland,12.6,11.5,10.6
Maryland,9.7,8.6,7.7
Massachusetts,8.1,7.1,6.3
Massachusetts,7.4,6.5,5.6
Massachusetts,8.6,7.3,6.3
Massachusetts,9.1,8,6.9
Massachusetts,6.9,5.9,5.2
Massachusetts,6.1,5.2,4.5
Massachusetts,9.1,7.8,6.8
Massachusetts,5.8,5,4.4
Massachusetts,5.5,4.7,4
Massachusetts,7.2,6.2,5.5
Massachusetts,5.8,5,4.3
Massachusetts,7,6.1,5.2
Massachusetts,6.2,5.3,4.6
Massachusetts,7.2,6.1,5.3
Michigan,13.4,10.6,7.7
Michigan,11.7,10.4,8.2
Michigan,6.7,5.4,4
Michigan,9.7,8,5.9
Michigan,11.5,9.5,7.2
Michigan,13,11.1,8.6
Michigan,14.5,11.2,8.8
Michigan,6.4,5.4,4.1
Michigan,8.8,7.2,5.5
Michigan,10.4,8.7,6.6
Michigan,8.7,6.8,5
Michigan,8.5,6.6,4.9
Michigan,7.9,6.3,4.9
Michigan,8.2,6.7,4.8
Michigan,10.7,8.1,5.7
Michigan,11.6,10.7,8.8
Michigan,10.5,9.5,7.4
Michigan,11.8,9.8,7.4
Michigan,6.1,5,3.7
Michigan,11.5,9.5,7.5
Michigan,10.3,8.4,6.5
Michigan,8.3,6.8,5.4
Michigan,6.7,5.7,4.2
Michigan,11.9,9.5,6.9
Michigan,9.8,7.9,5.8
Michigan,11.7,9.3,6.9
Michigan,10.9,8.9,7
Michigan,7.7,6,4.4
Michigan,9,7.1,5.4
Michigan,8.9,7,5.1
Michigan,8.9,7.7,6
Michigan,8.4,6.9,5.1
Michigan,7.7,6.2,4.4
Michigan,8,6.2,4.4
Michigan,11.5,9.7,7.2
Michigan,10.2,8.7,6.7
Michigan,7.3,5.9,4.5
Michigan,8.3,6.7,5.1
Michigan,6.9,5.6,4.1
Michigan,11.2,9.4,7.3
Michigan,6.3,4.9,3.6
Michigan,13.6,11,8.7
Michigan,13.3,11.2,8.2
Michigan,11.5,9.7,7.5
Michigan,7.7,6.7,5
Michigan,7.9,6.5,4.8
Michigan,7.5,6.5,4.9
Michigan,10.4,8.5,6.6
Michigan,12.3,11.2,9.3
Michigan,9.5,8,6.1
Michigan,10.7,8.5,6.3
Michigan,8.2,7,5.7
Michigan,9.2,7.5,5.8
Michigan,10,7.9,5.9
Michigan,7.8,6.9,5.1
Michigan,7.7,6.1,4.7
Michigan,9.3,7.8,6.3
Michigan,7.4,6.1,4.4
Michigan,9.6,7.6,5.4
Michigan,16.1,12.9,9.6
Michigan,9.9,7.7,5.6
Michigan,8.9,7.2,5.2
Michigan,7.9,6.6,5
Michigan,12.4,10,7.6
Michigan,11.8,9.8,7.5
Michigan,13.9,11.4,9
Michigan,10,8.5,6.2
Michigan,15.6,11.8,8.4
Michigan,10.4,8.1,5.9
Michigan,6.1,4.8,3.5
Michigan,14.8,12.8,9.8
Michigan,13.9,11.4,8.8
Michigan,9.1,7.5,5.5
Michigan,11.6,9.7,7.1
Michigan,7.8,5.8,4.3
Michigan,10.5,8.5,6.3
Michigan,12.9,11,10.4
Michigan,9.4,7.5,5.4
Michigan,10.6,8.6,6.4
Michigan,10.1,8,6
Michigan,5.9,4.9,3.5
Michigan,11.6,9.8,7.3
Michigan,11.1,8.5,6.5
Minnesota,7.4,6.6,6
Minnesota,5,4.1,3.6
Minnesota,5.4,4.8,4.4
Minnesota,6.2,5.3,4.8
Minnesota,5.9,5,4.4
Minnesota,5.4,4.4,4.4
Minnesota,4.1,3.4,3
Minnesota,5.2,4.6,4.1
Minnesota,5.9,5.2,5
Minnesota,4.3,3.6,3.2
Minnesota,8.2,7.1,6.7
Minnesota,5.1,4.5,4.4
Minnesota,5.5,4.7,4.2
Minnesota,4.3,3.4,3.1
Minnesota,10.6,10.4,9.2
Minnesota,5.8,5.6,4.4
Minnesota,5.8,5.2,4.8
Minnesota,6.9,5.8,5.2
Minnesota,4.5,3.8,3.3
Minnesota,4.7,4.2,3.7
Minnesota,4.4,3.7,3.4
Minnesota,5.4,5.2,4.4
Minnesota,5,4.4,4.1
Minnesota,4.9,4.3,3.8
Minnesota,4.7,3.9,3.5
Minnesota,5.7,5,4.8
Minnesota,4.6,3.8,3.3
Minnesota,5,4.4,3.8
Minnesota,7.2,6.3,6.1
Minnesota,6,5,4.3
Minnesota,7.6,6.6,6.5
Minnesota,4.1,4.2,4
Minnesota,8.1,7.4,6.8
Minnesota,4.7,4.2,3.8
Minnesota,5.9,4.9,4.6
Minnesota,8.2,8.4,8.1
Minnesota,5.5,4.8,4.1
Minnesota,6.2,4.6,4.8
Minnesota,5.6,4.7,4.4
Minnesota,6.1,5.4,4.7
Minnesota,4.6,4.3,3.6
Minnesota,4.1,3.6,3.2
Minnesota,5.6,4.6,3.9
Minnesota,5.7,5.6,5.4
Minnesota,7.6,6.7,6.9
Minnesota,5.2,4.7,4.1
Minnesota,5.5,4.6,4.2
Minnesota,7.5,6.7,5.8
Minnesota,6.7,6.2,5.4
Minnesota,4.4,3.8,3.2
Minnesota,5.3,4.9,4.4
Minnesota,3.7,3,2.7
Minnesota,4,3.4,3.2
Minnesota,5.7,5,4.7
Minnesota,4,3.4,3
Minnesota,5.2,4.5,4.2
Minnesota,6.3,5.1,5.2
Minnesota,6.9,6.1,5.5
Minnesota,4.6,3.8,3.3
Minnesota,5.3,4.6,4.2
Minnesota,4.2,3.6,3.3
Minnesota,4.9,4,3.5
Minnesota,6.7,5.8,5.8
Minnesota,5.4,4.4,3.9
Minnesota,6.5,5.5,4.8
Minnesota,4.9,4.1,3.6
Minnesota,3.2,2.5,2.1
Minnesota,4.4,3.7,4.1
Minnesota,6,5.1,5
Minnesota,4.4,3.6,3.1
Minnesota,5.3,4.5,4
Minnesota,5.4,4.6,4.1
Minnesota,4.9,4.1,3.6
Minnesota,4.5,3.8,3.3
Minnesota,3.7,3.2,2.8
Minnesota,5.8,4.8,6
Minnesota,5.3,4.6,4.4
Minnesota,5,4.6,4.1
Minnesota,4.6,4,3.6
Minnesota,6.9,6.2,5.9
Minnesota,5.5,4.8,4.2
Minnesota,4.4,3.6,3.2
Minnesota,5.2,4.9,4.7
Minnesota,4.1,3.4,3.4
Minnesota,4.3,3.7,3.3
Minnesota,5,4.2,3.7
Minnesota,4.9,4.1,3.8
Mississippi,9.4,8.4,8.1
Mississippi,7.9,6.7,5.7
Mississippi,9.2,8.1,7.7
Mississippi,9.4,8.8,7.7
Mississippi,10.5,9.3,8
Mississippi,10.8,9.6,7.9
Mississippi,8.5,7.5,6.3
Mississippi,10.6,9.4,8.4
Mississippi,10.8,9.8,7.8
Mississippi,8.4,7.9,6.2
Mississippi,17.1,14.7,12.9
Mississippi,10.1,9,8
Mississippi,15.5,13.3,9.6
Mississippi,13,11.8,10.3
Mississippi,10.6,8.9,7.3
Mississippi,7.9,6.6,5.9
Mississippi,6,5.4,4.9
Mississippi,8.5,7.4,6.4
Mississippi,9.3,8.4,7.8
Mississippi,9.5,8.3,7.6
Mississippi,10.3,8.9,7.9
Mississippi,8.9,7.2,6.1
Mississippi,7.9,7.3,6.6
Mississippi,7.6,6.8,6.1
Mississippi,8.5,7.3,6.1
Mississippi,16.8,15,12.1
Mississippi,17.3,16,12.9
Mississippi,20.2,17.3,16.9
Mississippi,8.1,7.2,5.8
Mississippi,9,8,7.2
Mississippi,10,8.5,7.9
Mississippi,19.3,16,14.9
Mississippi,12.6,10.1,8.7
Mississippi,7.1,6.2,6.1
Mississippi,13,12.8,10.4
Mississippi,7.2,6.4,5.5
Mississippi,6,5.1,4.9
Mississippi,8.4,7.6,6.7
Mississippi,9.4,8.5,7.4
Mississippi,8.6,7.1,6.3
Mississippi,8.1,7.3,5.6
Mississippi,14.4,12.6,10.9
Mississippi,7.8,6.7,6.2
Mississippi,9.4,8.8,7.1
Mississippi,5.9,5.3,4.6
Mississippi,9.5,8.3,7.4
Mississippi,10.3,8.7,7.3
Mississippi,11.9,10.1,7.5
Mississippi,11.4,9.3,7.9
Mississippi,7.9,6.8,6.2
Mississippi,7.6,6.7,6.2
Mississippi,13.4,12.4,9.9
Mississippi,8,7.2,6.3
Mississippi,12,10.6,8.8
Mississippi,7.5,6.7,6.3
Mississippi,10.5,9.1,8
Mississippi,9.9,8.3,7.4
Mississippi,7.4,6.8,5.6
Mississippi,8.5,7.5,6.1
Mississippi,14.9,13,10.8
Mississippi,5.3,4.7,4.2
Mississippi,6.7,5.5,4.9
Mississippi,13.2,11.1,9.9
Mississippi,7.5,6.4,5.9
Mississippi,6.8,5.9,5.5
Mississippi,9.6,8.6,7.5
Mississippi,14.1,12.6,10.8
Mississippi,11.1,9.2,7.6
Mississippi,9,8.5,7.2
Mississippi,9.9,8.3,6.4
Mississippi,9.3,7.7,6.4
Mississippi,12.6,11.8,9.2
Mississippi,7.2,6.2,5.2
Mississippi,10.8,9.5,8.2
Mississippi,9.1,7.7,6.8
Mississippi,14.6,12.6,10.5
Mississippi,10.8,8.9,8
Mississippi,9.7,8.7,7.3
Mississippi,12.5,11.4,10.6
Mississippi,11.2,10.1,8.4
Mississippi,10.2,9.3,7.1
Mississippi,11.1,10,8.2
Missouri,6.9,6.5,5.6
Missouri,5.4,5.2,4.2
Missouri,5.8,5.4,4.5
Missouri,6.3,5.6,4.6
Missouri,6.8,6.2,5
Missouri,7.2,6.3,5.4
Missouri,7.6,7.1,6
Missouri,8.5,7.8,6.5
Missouri,7.1,6.8,5.6
Missouri,4.5,4.2,3.5
Missouri,6.2,5.7,4.6
Missouri,7.9,7.1,6.2
Missouri,6.7,5.5,4.5
Missouri,6,5.6,4.7
Missouri,9.2,8.2,6.5
Missouri,5.8,5.5,4.3
Missouri,7.3,7.2,5.9
Missouri,9.6,8.9,7.5
Missouri,6.3,5.7,4.8
Missouri,7,6.4,5.3
Missouri,6.2,5.8,4.7
Missouri,5.5,4.9,4.2
Missouri,7.9,6.9,7.1
Missouri,6.1,5.4,4.5
Missouri,6.6,5.9,4.9
Missouri,5.2,5,4
Missouri,6.9,6,5.8
Missouri,8.5,8,6
Missouri,6.8,6,5.1
Missouri,8.6,7.6,6.2
Missouri,6.2,5.8,4.6
Missouri,6,5.4,4.7
Missouri,7.5,6.8,5.8
Missouri,9.3,7.7,6.8
Missouri,9.9,9,8
Missouri,7.2,6.5,5
Missouri,6.3,5.3,4.2
Missouri,5.2,5.7,4.2
Missouri,5.5,4.9,4.1
Missouri,5.8,5.3,4.1
Missouri,7.3,6.6,5.1
Missouri,7.1,6.5,5.5
Missouri,9.9,8.4,6.7
Missouri,5.3,4.9,3.7
Missouri,6.5,5.4,4.9
Missouri,7.8,7.2,6.4
Missouri,10.6,9.9,7.8
Missouri,7.7,7.1,5.9
Missouri,5.8,5.3,4.2
Missouri,6.8,6.2,4.8
Missouri,7.2,6.5,5.4
Missouri,5.5,4.6,3.9
Missouri,9.6,8.1,6.4
Missouri,6.4,6,4.8
Missouri,6.6,5.9,4.9
Missouri,5.5,5.2,4.9
Missouri,7.6,6.5,5.2
Missouri,8.8,8.2,6.9
Missouri,5.6,5.1,4.3
Missouri,6.4,5.8,4.6
Missouri,6.5,6.2,5.4
Missouri,7.6,6.9,5.8
Missouri,6.6,6.2,5.2
Missouri,6,5.5,4.4
Missouri,5.4,5.1,4.4
Missouri,8.7,7.7,6
Missouri,7.8,7.3,5.9
Missouri,6.3,6,4.9
Missouri,7.3,6.5,5.3
Missouri,7.2,5.9,5
Missouri,9.5,8.7,6.7
Missouri,7.8,7.4,6.2
Missouri,6,5.4,4.5
Missouri,6.5,6.8,4.9
Missouri,7.9,7.5,6.3
Missouri,5,4.7,3.7
Missouri,10.3,8.9,7.9
Missouri,10.3,9.3,9.1
Missouri,5.4,5.5,4.2
Missouri,6.6,6.2,5.3
Missouri,7,6.5,5.3
Missouri,6.5,5.7,4.6
Missouri,5.7,5.1,4.2
Missouri,7.1,6.4,5.2
Missouri,7.9,7.3,5.8
Missouri,5.9,5,4
Missouri,5.8,5.3,4.2
Missouri,8.2,7,5.9
Missouri,7.7,6.8,5.4
Missouri,9.4,8.4,7
Missouri,9.2,8.2,7.9
Missouri,5.3,4.8,3.9
Missouri,7.8,7.7,6.9
Missouri,7.2,6.7,5.3
Missouri,8.6,7.7,6.1
Missouri,6.2,5.8,4.6
Missouri,6,5.6,4.7
Missouri,7.8,7.4,5.9
Missouri,5.3,4.8,4.5
Missouri,7.1,6.6,5.3
Missouri,9.5,9.4,8.1
Missouri,5.6,6,4.7
Missouri,8.8,7.8,6.6
Missouri,10.5,9.7,7.8
Missouri,6.5,6.6,5.9
Missouri,10.6,9.8,8
Missouri,8.2,7.9,6.6
Missouri,5.9,5.6,5
Missouri,6.8,6.2,4.8
Missouri,9.7,8.6,6.6
Missouri,8.2,7.5,5.8
Missouri,6.7,6.1,5
Missouri,4.1,4.1,3.2
Missouri,8.4,7.3,6.2
Missouri,8.4,7.6,6.1
Montana,4.7,3.7,3.4
Montana,14,10,6.6
Montana,6.2,5.8,4.9
Montana,6.4,5.4,5
Montana,4.5,3.9,3.6
Montana,3.1,3.3,3.3
Montana,5.1,4.3,4
Montana,3.7,3.2,2.9
Montana,3.3,3.2,3.3
Montana,3.2,3,2.6
Montana,3.1,2.6,3.1
Montana,4.9,4.3,3.9
Montana,2,1.9,2.3
Montana,4.9,4.3,4.1
Montana,7.7,6.4,5.7
Montana,4.1,3.5,3
Montana,3.1,2.7,2.7
Montana,10.1,10.5,9
Montana,5,4.6,4.2
Montana,7.6,6.8,6.1
Montana,6.6,5.8,4.2
Montana,4.9,4.6,4
Montana,4.9,4.2,3.5
Montana,6.5,5.6,4.9
Montana,4.3,3.7,3.3
Montana,3.5,3.1,2.6
Montana,13,11.2,10
Montana,2.4,2.4,2.1
Montana,5.5,4.6,3.6
Montana,5.2,4.3,3.5
Montana,10.3,9.1,8.2
Montana,5.2,4.4,3.9
Montana,5,4,4.2
Montana,6.3,5.6,4.8
Montana,4.7,4.2,5.1
Montana,5.9,5.3,5
Montana,4.9,4.9,4.5
Montana,3.3,3,2.5
Montana,5.6,5,4.5
Montana,4.6,4.2,4.1
Montana,6.8,6,5.2
Montana,2.6,2.4,3.2
Montana,5.5,5.2,5.2
Montana,6.4,5.6,5.3
Montana,10.5,9.3,8.2
Montana,2.8,2.7,2.5
Montana,5.5,4.9,4.3
Montana,4,3.7,3.7
Montana,3.7,3.5,2.8
Montana,4.3,3.8,3.8
Montana,3.8,3,3.4
Montana,4.5,4,5
Montana,3.8,3,3.1
Montana,6.2,4.9,5.4
Montana,3.4,3.1,3.3
Montana,4.3,3.7,3.3
Nebraska,3.7,3.4,3.1
Nebraska,3.2,2.7,2.5
Nebraska,7.7,5.4,4.4
Nebraska,4.6,3.7,3.4
Nebraska,5.5,4.4,4.4
Nebraska,3.3,2.6,2.5
Nebraska,3.9,3.1,3.1
Nebraska,3.5,3.3,2.6
Nebraska,4,3.4,3.7
Nebraska,3.3,2.7,2.4
Nebraska,4.6,3.9,3.6
Nebraska,3.4,2.9,2.8
Nebraska,4.4,3.7,3.3
Nebraska,3,2.3,2.4
Nebraska,2.4,2,1.9
Nebraska,2.8,2.4,2.3
Nebraska,2.8,2.2,2.2
Nebraska,3.5,3.3,2.9
Nebraska,3.5,3,2.6
Nebraska,3,2.6,2.6
Nebraska,2.8,2.4,2.2
Nebraska,4.7,3.7,3.5
Nebraska,3.6,2.9,2.6
Nebraska,3.8,3.4,3.2
Nebraska,3.3,2.7,2.5
Nebraska,3.7,3,3.3
Nebraska,4.2,3.6,3.3
Nebraska,4.2,3.6,3.3
Nebraska,2.8,2.3,2.1
Nebraska,3,2.4,2.9
Nebraska,3.5,3.2,2.4
Nebraska,3.4,2.8,2.5
Nebraska,3.5,2.9,2.7
Nebraska,4.6,4.1,3.6
Nebraska,2.8,2.8,2.4
Nebraska,3.1,2.6,2.4
Nebraska,3.4,3,2.5
Nebraska,3.3,2.3,2.3
Nebraska,3.5,3.2,3.1
Nebraska,3.7,3.9,3.9
Nebraska,3.2,3,2.9
Nebraska,3.1,2.6,2.2
Nebraska,3.4,2.9,2.4
Nebraska,4.1,3.4,3.2
Nebraska,3.2,2.6,2.4
Nebraska,4.8,4.2,4.1
Nebraska,3.7,3.7,3.6
Nebraska,3.7,3,2.7
Nebraska,4.3,3.8,3.3
Nebraska,2.8,2.4,2.2
Nebraska,3.6,2.9,2.6
Nebraska,3.4,2.7,2.2
Nebraska,3.3,2.5,3.6
Nebraska,3.6,3.1,3.2
Nebraska,3.5,3,2.6
Nebraska,3.8,3.2,2.9
Nebraska,3.4,3,2.8
Nebraska,4.5,3.7,3.4
Nebraska,3.8,2.3,1.9
Nebraska,3.5,2.9,2.7
Nebraska,3.7,3.8,3.7
Nebraska,3.2,3,2.9
Nebraska,3.2,2.7,2.5
Nebraska,5,3.8,3.7
Nebraska,3.3,2.8,2.5
Nebraska,4.3,3.7,3.3
Nebraska,3.1,2.8,2.6
Nebraska,2.6,2.1,1.8
Nebraska,3,2.6,2.4
Nebraska,3.4,2.8,2.5
Nebraska,3.5,3,3
Nebraska,3.4,3.2,2.5
Nebraska,3,2.6,2.6
Nebraska,4.5,3.6,3.2
Nebraska,3.2,2.6,2.6
Nebraska,4.3,3.4,2.9
Nebraska,3.6,3.1,2.8
Nebraska,4.1,3.5,3
Nebraska,4.2,3.6,3.4
Nebraska,3.7,3,2.9
Nebraska,3.2,2.6,2.7
Nebraska,3.3,3.3,2.9
Nebraska,3.3,2.5,2.5
Nebraska,3.3,2.8,2.6
Nebraska,2.8,2.5,2.4
Nebraska,3.7,3.5,3
Nebraska,7.7,6,5.3
Nebraska,3.3,3,2.8
Nebraska,3.7,3.2,3
Nebraska,3.2,2.8,2.6
Nebraska,3.9,3.4,3.6
Nebraska,3.2,2.9,2.5
Nebraska,3.6,3.2,2.9
Nevada,9.2,7.6,7
Nevada,9.6,8,6.8
Nevada,9.6,8,6.8
Nevada,6.1,5.6,5.2
Nevada,4.8,4.5,4.6
Nevada,6,6,6
Nevada,6.2,6.2,5.9
Nevada,7.2,6.6,6.5
Nevada,9.4,7.4,6.2
Nevada,12.4,10.2,9.4
Nevada,12.6,11.2,10.5
Nevada,11.9,9.6,8.7
Nevada,8.7,7.2,6.8
Nevada,11.5,9.1,7.3
Nevada,9.4,7.6,6.2
Nevada,7.2,6,5.4
Nevada,10.4,8.6,7.3
New Hampshire,5,4.1,3.3
New Hampshire,5,4.2,3.6
New Hampshire,4.7,4,3.2
New Hampshire,6.2,5.9,4.7
New Hampshire,4.3,3.5,2.9
New Hampshire,5.3,4.5,3.6
New Hampshire,4.6,3.8,3.1
New Hampshire,5.4,4.6,3.6
New Hampshire,4.9,4,3.1
New Hampshire,4.2,3.6,2.9
New Jersey,11.6,10.5,9.4
New Jersey,6.7,5.4,4.6
New Jersey,7.6,6.4,5.2
New Jersey,9.3,7.7,6.3
New Jersey,14.2,12.3,10.9
New Jersey,11.7,9.9,8.7
New Jersey,9.7,8,6.7
New Jersey,8.9,7.3,5.9
New Jersey,7.9,6.4,5.3
New Jersey,5.8,4.8,4.1
New Jersey,7.2,5.8,4.8
New Jersey,7.5,6.1,5
New Jersey,7.5,6,5
New Jersey,6.1,5,4.2
New Jersey,9.2,7.4,6
New Jersey,9.9,8.2,6.9
New Jersey,10.4,8.5,7.1
New Jersey,6.3,5.2,4.4
New Jersey,7.9,6.4,5.2
New Jersey,8.3,6.9,5.9
New Jersey,7.6,6.3,5.2
New Mexico,6.5,6.3,5.9
New Mexico,8.7,8.3,8
New Mexico,6.3,6.2,6.4
New Mexico,8.2,8.4,7.9
New Mexico,7.1,6.3,6.1
New Mexico,5.1,5.1,4.9
New Mexico,4.6,4.7,5
New Mexico,7.5,7.4,7.4
New Mexico,4.6,4.5,4.9
New Mexico,6.8,6.7,6.6
New Mexico,8.7,7.7,7.1
New Mexico,5,5.1,8.6
New Mexico,7.6,7.2,6.3
New Mexico,4.5,4.4,6.2
New Mexico,6.5,6.1,5.8
New Mexico,4.2,4.2,4.1
New Mexico,19,18.3,17.6
New Mexico,10.1,10.1,9.7
New Mexico,11.7,11.1,9.7
New Mexico,6.4,6.3,6.2
New Mexico,7.2,6.6,7.2
New Mexico,9.5,8.7,8
New Mexico,5.6,5.6,5.5
New Mexico,7.5,7.2,6.7
New Mexico,6.8,6.4,7
New Mexico,8.3,8.2,7.7
New Mexico,5.6,5.6,5.4
New Mexico,9.7,9.3,9.1
New Mexico,7.4,7.4,7.6
New Mexico,10.3,10,9.3
New Mexico,10.2,9.8,9
New Mexico,4.6,4.6,4.4
New Mexico,8.5,8,7.5
New York,7.7,6.3,5.3
New York,6.1,4.9,4.4
New York,7.5,6.2,5.8
New York,11.7,9.7,7.7
New York,7.8,6.6,6
New York,8.5,7,6.2
New York,7.4,6,5.4
New York,8,6.8,6.1
New York,7.9,6.3,5.9
New York,7.3,6.2,5.6
New York,8.3,6.6,5.9
New York,6,4.7,4.1
New York,7.7,6.5,5.9
New York,7.9,6.6,6
New York,6.7,5.3,4.6
New York,7.4,6.1,5.4
New York,8.3,6.9,6.1
New York,8.8,7.2,6.5
New York,9.5,7.7,6.6
New York,6.8,5.5,5
New York,8.8,6.7,5.7
New York,9.6,7.4,6.8
New York,7.8,6.8,6.3
New York,9.2,7.6,6.7
New York,9.3,7.6,5.9
New York,9.5,7.8,7.1
New York,7,5.8,5.4
New York,7.6,6.4,5.7
New York,7,5.8,5.2
New York,9.2,7.5,6.7
New York,5.9,4.8,4.3
New York,7.5,6.1,4.8
New York,8.5,7,6.2
New York,7.4,6.1,5.4
New York,6.8,5.6,5
New York,6.3,5.2,4.8
New York,6.8,5.5,4.7
New York,9.1,7.7,6.5
New York,9.9,8.1,7.2
New York,6.8,5.7,5.3
New York,6.1,4.9,4.3
New York,7.7,6.3,5
New York,6.6,5.4,4.7
New York,8.9,7.4,5.8
New York,6.3,5.1,4.6
New York,9.1,7.8,6.9
New York,5.8,4.7,4.2
New York,6.7,5.4,4.8
New York,8.1,6.7,5.8
New York,8.8,7,6.6
New York,6.9,5.6,5.2
New York,8.4,6.9,6.4
New York,6.6,5.4,4.8
New York,8.1,6.6,5.5
New York,7.1,6.1,5.6
New York,5.2,4.4,4.1
New York,7.1,5.7,4.9
New York,8.1,6.6,5.6
New York,7.5,6.1,5.1
New York,7.6,6.2,5.4
New York,6.3,5.1,4.6
New York,7.9,6.5,5.7
New York,6.8,5.6,5
North Carolina,7.2,5.7,5.3
North Carolina,7.7,5.6,5
North Carolina,8.8,6.8,6.2
North Carolina,9.4,7.1,6.6
North Carolina,9.1,6.8,6
North Carolina,8.9,6.5,6
North Carolina,9.5,7.3,6.6
North Carolina,10,7.9,7.3
North Carolina,11.5,9.3,8
North Carolina,9.7,7.9,7.2
North Carolina,5.9,4.7,4.3
North Carolina,8.2,6.2,5.7
North Carolina,7.6,5.8,5.2
North Carolina,9.5,7.2,6.3
North Carolina,7.1,6.1,5.8
North Carolina,7.7,6.2,5.9
North Carolina,9,7.2,6.4
North Carolina,8.5,6.3,5.6
North Carolina,6.2,4.9,4.8
North Carolina,9.2,7.1,6.5
North Carolina,9.8,7.9,7.2
North Carolina,8.7,6.5,6.1
North Carolina,9.5,7.3,6.5
North Carolina,10.3,8.5,7.6
North Carolina,8.6,6.9,6.1
North Carolina,9.6,8,7.4
North Carolina,7.8,6.3,5.9
North Carolina,11,8.4,7.5
North Carolina,8.2,6.3,5.5
North Carolina,7.4,5.8,5
North Carolina,7.9,6.4,5.8
North Carolina,6.2,5.1,5
North Carolina,12.9,10.3,9.6
North Carolina,7.5,6,5.5
North Carolina,8.2,6.5,5.9
North Carolina,8.9,6.8,6
North Carolina,6.9,5.9,5.5
North Carolina,15.2,13.3,12.1
North Carolina,6.8,5.4,5
North Carolina,7.8,6.2,5.5
North Carolina,8.2,6.5,5.9
North Carolina,11.7,9.6,8.9
North Carolina,9.2,7.3,6.7
North Carolina,7.8,5.8,5.2
North Carolina,6.2,5,4.7
North Carolina,9.4,7.4,7.1
North Carolina,9.8,8.3,8.1
North Carolina,11.5,9.2,9.1
North Carolina,8.3,6.3,5.5
North Carolina,8.7,6.6,6.1
North Carolina,7,5.6,5.2
North Carolina,8.4,6.6,5.8
North Carolina,10.1,8.1,7.3
North Carolina,8.7,7.1,6.4
North Carolina,8.2,6.1,5.4
North Carolina,8.9,6.4,5.5
North Carolina,9.1,6.6,6.2
North Carolina,8.1,6.2,5.7
North Carolina,10.4,7.8,7.7
North Carolina,7.5,6,5.4
North Carolina,10.9,7.7,6.9
North Carolina,8.2,6.4,5.7
North Carolina,7.7,6.1,5.8
North Carolina,10.3,7.9,7.3
North Carolina,7.5,5.9,5.3
North Carolina,9.9,8,7.6
North Carolina,7,6.1,6
North Carolina,5.3,4.6,4.6
North Carolina,8.4,6.6,6.1
North Carolina,9.6,8,7.4
North Carolina,9,7.1,6.1
North Carolina,9.5,7.7,7.1
North Carolina,10,7.7,6.7
North Carolina,8,6.4,6.1
North Carolina,6.6,5.3,5.1
North Carolina,8.6,6.5,5.7
North Carolina,11.6,8.8,7.9
North Carolina,11.8,9.4,8.5
North Carolina,9.6,7.5,6.6
North Carolina,9.2,7,6
North Carolina,11.1,8.5,7.8
North Carolina,8,6.4,6
North Carolina,15,11.9,10.7
North Carolina,8.1,6,5.3
North Carolina,7.8,6,5.4
North Carolina,8.3,6.1,5.5
North Carolina,12.3,9,7.9
North Carolina,7.4,5.8,5.5
North Carolina,12.9,9.9,9.4
North Carolina,6.5,5.2,4.8
North Carolina,11.4,9.3,8.6
North Carolina,6,4.9,4.7
North Carolina,10.9,8.9,8.4
North Carolina,12.4,9.6,8.8
North Carolina,6.4,5.2,4.9
North Carolina,7.7,6.4,6.1
North Carolina,8.9,6.6,5.7
North Carolina,11.7,9.5,9.6
North Carolina,7.7,5.6,5
North Carolina,9.5,6.7,5.9
North Dakota,2.5,2.7,2.9
North Dakota,3.2,3.1,3.2
North Dakota,7.6,6.5,4.5
North Dakota,2.9,2.8,3
North Dakota,3.9,3.4,4.3
North Dakota,2,1.8,1.8
North Dakota,2.2,2.6,3.2
North Dakota,2.5,2.5,2.3
North Dakota,2.7,2.4,2.2
North Dakota,3.3,2.9,2.7
North Dakota,2.3,2,1.8
North Dakota,1.4,1.5,1.8
North Dakota,1.4,1.3,1.9
North Dakota,6,5.6,4.6
North Dakota,5.3,5.6,4.9
North Dakota,3.4,3.1,2.9
North Dakota,2.3,2,2.2
North Dakota,3,2.8,2.4
North Dakota,2.9,2.8,3.1
North Dakota,2.3,2.4,2.3
North Dakota,2.6,2.1,2.4
North Dakota,4.7,3.9,3.6
North Dakota,2.3,2.4,2.4
North Dakota,3,2.9,2.7
North Dakota,4.2,4.2,4.2
North Dakota,3,3,3.1
North Dakota,1.5,1.5,2.3
North Dakota,4.2,4,3.6
North Dakota,4.6,3.9,4.2
North Dakota,3.3,3.3,3
North Dakota,1.5,1.3,1.9
North Dakota,4.3,3.8,3.7
North Dakota,6.1,6.3,5.7
North Dakota,6.1,5.6,5.3
North Dakota,4.2,4.3,4.2
North Dakota,3.8,3.6,3.4
North Dakota,2.9,2.8,2.4
North Dakota,2.4,2.6,3.3
North Dakota,3.4,3,2.7
North Dakota,12.3,11.4,10.1
North Dakota,2.5,2.3,1.8
North Dakota,4,5,4.9
North Dakota,4.6,4.7,4.2
North Dakota,2.1,2.1,2.6
North Dakota,1.7,1.6,2.6
North Dakota,2.4,2.2,2.2
North Dakota,3.1,2.8,2.5
North Dakota,3.9,3.6,2.7
North Dakota,2.9,2.6,2.8
North Dakota,4.9,4.6,4.1
North Dakota,2.7,2.6,3.1
North Dakota,4.3,4.4,3.9
North Dakota,1.2,1.2,2.2
Ohio,12.7,9.2,7.9
Ohio,7.8,5.8,4.8
Ohio,8.1,5.9,5.1
Ohio,9.5,7.2,6
Ohio,9,6.8,6.2
Ohio,5.9,4.3,3.7
Ohio,8.2,6.7,6.3
Ohio,10.2,7.4,6.2
Ohio,7.5,5.5,4.6
Ohio,7.9,6.1,5.9
Ohio,6.9,5,4.4
Ohio,7.5,5.8,5
Ohio,7.4,5.5,4.5
Ohio,10.5,7.7,6.1
Ohio,8.3,6.5,5.9
Ohio,9.8,7.5,6.3
Ohio,9.2,6.7,5.8
Ohio,7,6.2,5
Ohio,7,5.3,4.2
Ohio,7.5,5.5,4.9
Ohio,5.3,4.1,3.5
Ohio,8.1,6.4,5.6
Ohio,6.7,5.2,4.3
Ohio,7.7,6,4.9
Ohio,6.4,4.9,4.1
Ohio,7.9,5.9,4.9
Ohio,9.7,7.7,6.5
Ohio,5.7,5,4
Ohio,7,5.2,4.4
Ohio,8.7,6.7,6.3
Ohio,7.3,5.5,4.5
Ohio,6.2,4.4,3.7
Ohio,7.7,5.7,4.7
Ohio,7.9,6,6.3
Ohio,8.8,6.5,5.6
Ohio,10.5,7.7,6.3
Ohio,8.1,6.4,5.5
Ohio,5.2,4,3.4
Ohio,10.2,8,6.6
Ohio,10.5,8.8,7.5
Ohio,10.9,8.1,7.4
Ohio,6.9,5.3,4.7
Ohio,6.3,5.5,4.4
Ohio,8.8,6.6,5.8
Ohio,6.9,5.2,4.4
Ohio,6.8,5,4.1
Ohio,7.4,6.4,5.4
Ohio,8.7,6.4,5.3
Ohio,6.3,4.7,4
Ohio,8.5,6.7,6.1
Ohio,7.9,6,5.1
Ohio,5.8,5,4
Ohio,11.9,9,8.3
Ohio,5.1,3.8,3.3
Ohio,7.2,5.4,4.4
Ohio,10,11,10
Ohio,8.3,6.1,5
Ohio,10.1,7.8,7.3
Ohio,8,5.9,5
Ohio,9.2,7.1,6.1
Ohio,9.6,7.6,7.4
Ohio,9.7,7.6,6.6
Ohio,7.6,5.5,4.8
Ohio,9.6,7.4,6.5
Ohio,7.3,5.7,4.7
Ohio,12.2,9.1,7.4
Ohio,7.7,5.9,4.9
Ohio,7.5,5.7,4.8
Ohio,6,4.5,3.9
Ohio,8.6,6.5,5.6
Ohio,8.7,6.4,5.3
Ohio,7.6,5.7,4.8
Ohio,11.9,8.7,7.7
Ohio,7.8,5.7,4.8
Ohio,6.7,5.1,4.3
Ohio,7.6,5.8,5.3
Ohio,7.6,5.9,4.9
Ohio,9.3,7.2,6.5
Ohio,7.3,5.5,5.4
Ohio,5.8,4.5,3.8
Ohio,7,4.9,4.1
Ohio,10.7,8,6.6
Ohio,6.5,5,4.1
Ohio,8.6,6.4,6
Ohio,6.2,4.6,3.9
Ohio,7.5,5.4,4.4
Ohio,7,5.2,4.3
Ohio,6.3,4.4,3.7
Oklahoma,5.3,4.5,4.2
Oklahoma,9.8,8,5.9
Oklahoma,3.3,2.5,2.9
Oklahoma,6.9,6.2,6.4
Oklahoma,3.4,2.8,2.7
Oklahoma,3.3,2.8,4.8
Oklahoma,4,3.5,3.7
Oklahoma,5.5,4.8,4.4
Oklahoma,6.3,5.4,5
Oklahoma,4.1,3.6,3.5
Oklahoma,5.3,4.4,4.4
Oklahoma,7,6,5
Oklahoma,8.5,8.3,7.4
Oklahoma,3.3,2.8,2.2
Oklahoma,4.3,3.7,3.4
Oklahoma,7.6,6.7,7.4
Oklahoma,5.8,4.7,4.2
Oklahoma,5.7,4.6,4
Oklahoma,6.5,5.5,4.6
Oklahoma,6.1,5,4.8
Oklahoma,3.7,3.1,3.9
Oklahoma,6.9,5.8,4.8
Oklahoma,3.5,3.1,3.6
Oklahoma,3.1,3,3.9
Oklahoma,4.1,3.6,3.9
Oklahoma,5,4.1,4.5
Oklahoma,4.8,4,4.3
Oklahoma,3.4,2.6,2.8
Oklahoma,5.4,4.7,5.4
Oklahoma,4.4,4.1,3.4
Oklahoma,3.3,2.7,2.9
Oklahoma,9.1,7.4,7.6
Oklahoma,8.1,7,7.2
Oklahoma,5.4,4.3,4
Oklahoma,5.3,4.6,5.5
Oklahoma,8.2,7,6.4
Oklahoma,6.9,5.7,5.5
Oklahoma,3.5,3.1,3
Oklahoma,4.9,4.1,4.5
Oklahoma,8.9,7.4,7.9
Oklahoma,8.9,6.9,6.7
Oklahoma,5.2,4.5,4.5
Oklahoma,4.6,4,3.7
Oklahoma,4.4,3.6,3.4
Oklahoma,4.4,3.7,3.6
Oklahoma,9.5,8.1,7.7
Oklahoma,9.9,9.1,8.4
Oklahoma,3.4,2.6,3.1
Oklahoma,5.8,4.8,5.3
Oklahoma,5.8,4.9,4.2
Oklahoma,5.1,4.2,4.1
Oklahoma,6.5,5.7,5
Oklahoma,4.4,3.7,3.4
Oklahoma,6.8,6.1,5.5
Oklahoma,7.1,6,5.7
Oklahoma,4.9,4.2,3.8
Oklahoma,7.6,6.8,6.4
Oklahoma,5.9,5.1,5.1
Oklahoma,8.1,6.7,5
Oklahoma,6.1,5.3,5.6
Oklahoma,4.5,3.7,3.4
Oklahoma,7.3,6.2,5.5
Oklahoma,5.5,4.3,3.9
Oklahoma,5.5,4.7,4.3
Oklahoma,9,7.5,7.6
Oklahoma,3.2,2.8,4
Oklahoma,5.1,4.2,4.2
Oklahoma,8.2,6.8,6.6
Oklahoma,8.4,6.9,6.1
Oklahoma,5.4,4.5,5.7
Oklahoma,4.4,3.7,3.1
Oklahoma,5.4,4.6,4.2
Oklahoma,5.1,4.3,4
Oklahoma,5.1,4.3,4
Oklahoma,4.8,4.2,4.2
Oklahoma,4.2,3.4,5.3
Oklahoma,3.3,2.7,2.6
Oklahoma,3.6,3.1,4.9
Oregon,9.6,8.3,6.9
Oregon,5.7,5.1,4.3
Oregon,7.1,6.2,5.2
Oregon,7.8,6.6,5.6
Oregon,9.7,8.4,7.2
Oregon,10.3,9,7.6
Oregon,12.1,9.8,8.5
Oregon,10.6,10.2,8.5
Oregon,9.5,7.8,6
Oregon,10.6,9.2,7.7
Oregon,9.5,8.1,6.5
Oregon,12.4,10.5,8.9
Oregon,11.6,9.6,7.3
Oregon,6.3,5.5,4.7
Oregon,9.8,8.4,6.9
Oregon,10.5,8.9,7.4
Oregon,11.1,9.4,7.9
Oregon,10.8,9.4,8
Oregon,11.4,9.6,7.8
Oregon,8,6.9,5.9
Oregon,8.8,7.8,6.8
Oregon,9.7,8.1,6.9
Oregon,8.5,8,6.5
Oregon,8.9,7.4,6.1
Oregon,7.7,6.9,5.8
Oregon,6.8,5.9,5
Oregon,8.1,6.8,5.7
Oregon,9.3,7.5,6.3
Oregon,8.3,6.9,5.8
Oregon,8.8,7.8,6.5
Oregon,8.4,7.3,6.3
Oregon,11.1,10,7.9
Oregon,7.6,6.6,5.7
Oregon,6.3,5.6,4.8
Oregon,6.3,6.3,5.2
Oregon,7.6,6.5,5.3
Pennsylvania,5.9,4.6,4.1
Pennsylvania,6.6,5.4,4.8
Pennsylvania,7.7,6.5,6.4
Pennsylvania,7.2,6.5,5.9
Pennsylvania,8.4,6.6,5.9
Pennsylvania,7.2,5.5,4.8
Pennsylvania,7,5.7,5
Pennsylvania,7.3,5.4,5.7
Pennsylvania,6.6,5.3,4.5
Pennsylvania,6.2,5.1,4.6
Pennsylvania,8.7,7,6.4
Pennsylvania,9.7,7.1,7
Pennsylvania,9.3,7.1,5.8
Pennsylvania,5.3,4.3,3.8
Pennsylvania,5.3,4.2,3.7
Pennsylvania,8.1,6.3,5.7
Pennsylvania,9,7.2,6.4
Pennsylvania,9.1,7.3,6.7
Pennsylvania,7.7,6.2,5.5
Pennsylvania,7.2,5.8,5
Pennsylvania,5.7,4.5,3.9
Pennsylvania,6.8,5.4,4.5
Pennsylvania,7.1,5.5,4.7
Pennsylvania,6.9,5.2,4.8
Pennsylvania,7.5,6.2,5.3
Pennsylvania,9.6,7.9,7.2
Pennsylvania,9.9,8.1,7.7
Pennsylvania,6.6,5.5,4.8
Pennsylvania,9.2,7.1,6
Pennsylvania,7.2,5.6,5.8
Pennsylvania,9.8,7.9,6.8
Pennsylvania,7.8,6.1,6.1
Pennsylvania,8.2,6.4,5.9
Pennsylvania,7.1,5.6,4.8
Pennsylvania,8.3,6.6,5.7
Pennsylvania,6,4.6,4
Pennsylvania,7.5,6.2,6.1
Pennsylvania,6.2,5,4.4
Pennsylvania,7.9,6.1,5.2
Pennsylvania,9.4,7.4,6.3
Pennsylvania,7.8,6.2,5.9
Pennsylvania,8.1,6.4,5.9
Pennsylvania,7.2,5.9,5.3
Pennsylvania,8.2,6.4,5.6
Pennsylvania,9.4,7.6,6.3
Pennsylvania,5.9,4.7,4
Pennsylvania,5.5,4.7,4.2
Pennsylvania,7.4,6,5.1
Pennsylvania,8.8,6.7,5.9
Pennsylvania,6.6,5.2,4.3
Pennsylvania,10.3,8.1,6.9
Pennsylvania,9.7,7.6,6.3
Pennsylvania,9.3,7.4,6.8
Pennsylvania,9.2,7.1,6.1
Pennsylvania,6.9,5.2,4.5
Pennsylvania,9.3,7.3,6.6
Pennsylvania,8.3,6.1,6
Pennsylvania,7.1,5.9,5.4
Pennsylvania,8.6,6.9,6.3
Pennsylvania,6.4,5,4.3
Pennsylvania,7.8,5.9,5.8
Pennsylvania,6.4,5.3,4.8
Pennsylvania,7,5.8,5.4
Pennsylvania,7.9,6.4,5.7
Pennsylvania,7,5.8,5.2
Pennsylvania,8.7,6.7,5.9
Pennsylvania,6.7,5.4,4.6
Rhode Island,7.7,6.5,5.1
Rhode Island,8.8,7.2,5.5
Rhode Island,8.1,6.7,5.2
Rhode Island,9.8,8.2,6.4
Rhode Island,8.4,7.1,5.5
South Carolina,9.5,7.7,6.9
South Carolina,7.5,6.5,5.9
South Carolina,14,12.1,11.4
South Carolina,7.1,5.9,5.4
South Carolina,13.5,11.5,10.5
South Carolina,12.1,9.6,8.9
South Carolina,6.4,5.7,5.4
South Carolina,7,6,5.5
South Carolina,9.6,8,7
South Carolina,5.9,5.1,4.8
South Carolina,10.5,8.3,7.2
South Carolina,12.2,9.6,8.3
South Carolina,9.2,6.8,6.1
South Carolina,10.3,8.3,7.8
South Carolina,9.9,7.6,7
South Carolina,9.3,8,7.4
South Carolina,11.8,9.6,8.7
South Carolina,6.6,5.8,5.4
South Carolina,8,6.7,6.4
South Carolina,10.7,8.6,8
South Carolina,8.3,7.2,6.6
South Carolina,10.1,8.5,8.4
South Carolina,6.1,5.3,5
South Carolina,8.6,6.9,6.3
South Carolina,9.3,7.7,8.5
South Carolina,8.6,7.4,7
South Carolina,6.9,5.7,5.1
South Carolina,7.8,6.4,6
South Carolina,9.3,7.2,6.3
South Carolina,8.6,7.1,6.5
South Carolina,11,9,8.5
South Carolina,5.8,5,4.8
South Carolina,9.8,7.8,7.2
South Carolina,13.1,10.5,10
South Carolina,13.8,10.6,10.1
South Carolina,7.2,5.7,5.3
South Carolina,7.6,6.3,5.8
South Carolina,12.3,11.3,10.7
South Carolina,7.4,6.3,5.8
South Carolina,6.9,6,5.7
South Carolina,6.9,5.7,5.2
South Carolina,7.7,6.3,5.7
South Carolina,8.7,7.3,6.9
South Carolina,11.3,8.6,7.8
South Carolina,12.5,9.9,9.2
South Carolina,7.7,6.3,5.5
South Dakota,2.7,2.6,2.2
South Dakota,3.5,3.1,2.7
South Dakota,6.3,5.5,5.2
South Dakota,3.2,2.8,2.7
South Dakota,3.4,3.2,2.9
South Dakota,3.2,2.9,2.7
South Dakota,3.4,3.3,2.7
South Dakota,8.8,7.7,7.4
South Dakota,3.9,3.4,3.4
South Dakota,3.6,3.3,3
South Dakota,4.3,3.8,3.5
South Dakota,3.9,3.9,3.7
South Dakota,3.7,3.5,3.1
South Dakota,3.6,3.3,3.1
South Dakota,6.9,5.9,5.2
South Dakota,5.1,4.6,4.3
South Dakota,3.1,2.8,2.6
South Dakota,5.2,5.3,4.9
South Dakota,5.6,5.4,5
South Dakota,15.4,14.5,11.5
South Dakota,3.2,2.9,2.5
South Dakota,2.8,2.5,2.5
South Dakota,5,4.7,4.5
South Dakota,3.3,3.1,2.7
South Dakota,4.2,3.6,3
South Dakota,3.9,3.4,3.2
South Dakota,2.9,2.7,2.3
South Dakota,3.4,3.4,3.4
South Dakota,2.8,2.6,2.4
South Dakota,4.1,3.5,3.3
South Dakota,2.8,2.3,2.4
South Dakota,2.9,2.6,2.5
South Dakota,3.2,2.9,2.5
South Dakota,3.3,2.8,3
South Dakota,6.2,5.4,4.3
South Dakota,3.1,2.5,2.3
South Dakota,3.5,3.8,3
South Dakota,3.2,3,3
South Dakota,3.9,3.6,3.6
South Dakota,3.9,3.5,3.3
South Dakota,2.7,2.4,2.3
South Dakota,4.7,4.3,4.8
South Dakota,3.2,2.7,2.4
South Dakota,3.8,3.9,3.4
South Dakota,4.4,4.1,3.9
South Dakota,3.8,3.4,3.2
South Dakota,7.5,6,5.3
South Dakota,3.6,3.2,2.5
South Dakota,3.3,3,2.7
South Dakota,4.6,4.1,3.5
South Dakota,3.9,3.4,3.2
South Dakota,3.7,3.3,3.2
South Dakota,3.8,3.3,3.3
South Dakota,5.2,4.8,4.4
South Dakota,3,2.6,2.6
South Dakota,3.6,3.5,3.1
South Dakota,2.7,2.6,2.4
South Dakota,2.9,2.8,2.5
South Dakota,9.7,8.7,7.4
South Dakota,3.4,3.2,2.7
South Dakota,3,2.9,2.7
South Dakota,4.1,3.7,3.4
South Dakota,5.4,5.4,5.5
South Dakota,3.3,3,2.6
South Dakota,6.2,5.9,5
Tennessee,7.9,6.7,6
Tennessee,9.2,7.4,6.6
Tennessee,9.8,8.7,7.8
Tennessee,10.5,8.9,7.9
Tennessee,6.9,5.9,5.3
Tennessee,7.1,6,5.4
Tennessee,11.1,9.3,8.1
Tennessee,7.9,6.3,5.8
Tennessee,11.9,10,8.6
Tennessee,9.2,7.6,6.6
Tennessee,6.6,5.4,4.9
Tennessee,8.1,6.7,6.1
Tennessee,10.7,8.6,7.3
Tennessee,10.8,9,9
Tennessee,10.9,9,7.9
Tennessee,7.8,6.3,5.6
Tennessee,9.1,7.6,6.6
Tennessee,9.3,7.9,7.2
Tennessee,5.9,5,4.5
Tennessee,10.6,9.4,8.1
Tennessee,10.1,8.1,7
Tennessee,7.7,6.2,5.6
Tennessee,10.4,8.2,7.3
Tennessee,8.6,7.2,6.4
Tennessee,9.8,8.4,7.4
Tennessee,7.2,6.1,5.3
Tennessee,11,8.8,7.6
Tennessee,8.2,6.1,5.1
Tennessee,10,8.1,6.8
Tennessee,9.6,8,6.6
Tennessee,10,9.3,7.9
Tennessee,9.1,7.3,6.3
Tennessee,7.2,6.1,5.5
Tennessee,11.8,9.7,10
Tennessee,11.1,9.2,7.8
Tennessee,10.3,8.9,7.4
Tennessee,8.7,7.2,6.5
Tennessee,11.8,9.7,8.6
Tennessee,10.5,8.6,8.2
Tennessee,9.4,8,6.7
Tennessee,8.3,6.5,5.7
Tennessee,10.9,9.8,8.9
Tennessee,8.8,7.7,6.9
Tennessee,10.3,8.7,8
Tennessee,9,7.3,6.5
Tennessee,9,6.8,5.8
Tennessee,6.3,5.4,4.8
Tennessee,10.1,9.2,8.8
Tennessee,11.7,9.7,9.1
Tennessee,9.9,8.1,6.8
Tennessee,10.6,8.9,7.5
Tennessee,6.2,5.3,4.9
Tennessee,7.7,6.6,5.7
Tennessee,9,7.5,6.5
Tennessee,11.7,10.5,8.7
Tennessee,8.1,6.4,5.3
Tennessee,8.1,6.7,6.1
Tennessee,9.1,7.8,6.9
Tennessee,8.1,6.2,5.7
Tennessee,7.1,5.9,5.3
Tennessee,10.2,8.6,7.8
Tennessee,9.8,7.5,6.4
Tennessee,7.6,6.6,6
Tennessee,6,5,4.7
Tennessee,10.2,8.7,7.6
Tennessee,11.6,9.5,8.9
Tennessee,9,7.8,7.3
Tennessee,9.4,8,7
Tennessee,9.5,8.8,7.8
Tennessee,9.2,7.8,6.8
Tennessee,8,6.8,6
Tennessee,10.7,8.3,7.6
Tennessee,9,7.5,6.6
Tennessee,6.8,5.6,4.9
Tennessee,6.2,5.2,4.6
Tennessee,14.5,11.6,9.6
Tennessee,8.5,7.4,6.7
Tennessee,8.4,7.1,6.1
Tennessee,8.8,7.6,6.6
Tennessee,7.8,6.3,5.7
Tennessee,10.9,9.2,7.9
Tennessee,7.6,6.6,5.9
Tennessee,6.2,5.2,4.7
Tennessee,9.4,8.2,7.3
Tennessee,8.4,7,5.9
Tennessee,10.5,9,8.1
Tennessee,9.6,7.8,6.9
Tennessee,11.5,9.5,8.2
Tennessee,8.5,6.7,5.8
Tennessee,7.2,6.2,5.7
Tennessee,9.7,8.6,7.4
Tennessee,10.4,8.5,7
Tennessee,9.5,7.3,6.2
Tennessee,5.2,4.5,4.1
Tennessee,6.3,5.2,4.7
Texas,5.8,4.7,4
Texas,3.8,3,3.5
Texas,6.4,5.2,5.6
Texas,6.5,5.5,5.1
Texas,5.2,4.5,4.4
Texas,4,3.2,2.7
Texas,6.2,4.9,4.8
Texas,5.8,4.8,4.6
Texas,7.1,5,4.3
Texas,6,4.8,4
Texas,6.1,4.9,3.9
Texas,5.2,4.2,3.6
Texas,6.5,5.8,6.3
Texas,6.9,5.8,4.7
Texas,5.8,4.7,3.8
Texas,4.6,3.6,3.1
Texas,3.8,3.1,2.9
Texas,6.4,5.2,4.5
Texas,7.6,6.3,4.8
Texas,6.1,5.1,4.6
Texas,4.9,4,3.4
Texas,5.5,4.6,4
Texas,5.5,4.2,3.8
Texas,8.9,7.7,10
Texas,6.4,5.2,4.4
Texas,6.1,4.8,4.4
Texas,5.4,4.3,3.7
Texas,6.5,5.2,4.3
Texas,6.1,4.8,3.9
Texas,5.7,4.4,4.3
Texas,9.9,8.3,7.1
Texas,7.3,6.1,6.2
Texas,4.4,3.4,3.2
Texas,9.1,7.6,6.9
Texas,4.7,4,3.5
Texas,7.3,5.8,5.3
Texas,6.9,5.8,5.2
Texas,4.2,3.6,3.2
Texas,5.5,4.6,4.4
Texas,6.6,5.1,5.1
Texas,5,4.3,4.1
Texas,7.4,6.1,5.6
Texas,5.5,4.5,3.6
Texas,5.1,4.1,3.6
Texas,5.7,4.4,4
Texas,5.9,4.5,3.7
Texas,5.8,4.8,4.3
Texas,3.9,3,3.3
Texas,5,3.9,3.7
Texas,7.1,6,4.8
Texas,6.7,6.1,7.1
Texas,4.4,4,5.8
Texas,5.1,3.8,5.9
Texas,5.9,4.7,4.4
Texas,5,4.2,4.4
Texas,3.5,2.9,2.2
Texas,6.5,5.4,4.3
Texas,6.3,4.9,4.6
Texas,4.4,3.6,3.2
Texas,6.3,6,4.6
Texas,5.3,4.4,3.6
Texas,4.7,3.8,4
Texas,9.2,6.3,4.7
Texas,5,3.8,4.7
Texas,5.1,4.8,4.3
Texas,6.3,5.6,8.2
Texas,6,4.8,4.8
Texas,4.3,3.4,4.6
Texas,5.7,4.3,4.7
Texas,6.1,4.9,4
Texas,7.9,6.4,5.2
Texas,5.4,4.2,3.9
Texas,7,5.5,4.3
Texas,6.9,5.3,4.2
Texas,4.4,3.4,3.4
Texas,5.3,4.5,3.9
Texas,8.8,7.1,5.6
Texas,5.2,4.2,4.3
Texas,5.4,4.5,4.3
Texas,6.5,5.1,5
Texas,6.9,5.6,5.4
Texas,4.6,3.6,3.8
Texas,4.1,3.3,3.2
Texas,6.8,5.6,5
Texas,4.5,3.6,3.7
Texas,4.4,3.5,2.9
Texas,3.6,2.7,2.9
Texas,5.2,4.1,4.4
Texas,5.1,3.9,3.7
Texas,5.1,4,5.7
Texas,6.2,4.8,4
Texas,5.9,4.8,5
Texas,5.9,4.8,5.4
Texas,5.4,4.3,3.6
Texas,13.2,9.4,6.4
Texas,7,6.3,5.5
Texas,5.9,4.6,4.7
Texas,3.3,2.5,3
Texas,5.8,4.9,5
Texas,8,6.2,5.6
Texas,6,5,4.6
Texas,6.8,5.5,5.3
Texas,3.1,2.5,2.1
Texas,4.9,3.9,3.5
Texas,5.3,4.3,3.4
Texas,3,2.4,3.2
Texas,7.1,5.6,4.9
Texas,10.3,8.8,7.9
Texas,6.4,5.3,4.6
Texas,5,3.9,4.2
Texas,6,4.9,4.5
Texas,5.7,4.7,4.2
Texas,6.2,5,4.5
Texas,5.3,4.4,4.7
Texas,6.9,6.3,5.8
Texas,7.4,5.9,4.7
Texas,6.1,4.4,4.5
Texas,4.2,3.7,3.7
Texas,5.3,3.7,4.3
Texas,5,3.9,3.8
Texas,10.4,8.1,7.5
Texas,4.1,3.6,3.3
Texas,10.8,8.3,7
Texas,7,6.1,7.2
Texas,6.1,5.2,7.9
Texas,6.1,5,4.4
Texas,6.7,5.5,5.5
Texas,5.3,3.6,4.3
Texas,6.3,5.1,4.1
Texas,5,4,3.3
Texas,4,2.9,2.8
Texas,3.9,3.3,2.6
Texas,5.5,4.4,3.7
Texas,4.8,3.9,3.7
Texas,4.6,4,3.2
Texas,9.3,7.1,6.6
Texas,6.4,5.4,6
Texas,5.3,4.3,3.8
Texas,8,6.1,4.8
Texas,6.8,5.8,9
Texas,7.1,5.6,4.4
Texas,3.7,3.1,4.1
Texas,4.6,3.9,3.8
Texas,5.1,4,3.6
Texas,6.8,5.3,5.3
Texas,8.8,7.1,6.9
Texas,6.7,5.8,5.1
Texas,3.9,3.4,3.9
Texas,4.3,3.6,4.1
Texas,6.4,5.2,4.3
Texas,5.3,5.1,5.1
Texas,4.9,3.9,3.4
Texas,5.2,4.4,4
Texas,5.2,4.2,4.8
Texas,6.1,5,4.1
Texas,2.6,2,2.1
Texas,6.4,4.9,4.3
Texas,8,6.4,6.5
Texas,4.2,3.4,3.5
Texas,5.4,4.6,3.8
Texas,9.6,7.8,6.8
Texas,12.4,11,10.7
Texas,6,4.9,4.4
Texas,5.9,4.7,5.2
Texas,3.6,2.9,3.5
Texas,7.8,6.2,5.3
Texas,5.2,4.3,3.6
Texas,5.5,4.3,5.7
Texas,4.9,4,4.3
Texas,5.4,4.4,4.3
Texas,4.2,3.5,3.2
Texas,9.5,7.8,8.9
Texas,6,4.2,3.7
Texas,6.5,5.3,4.7
Texas,6.5,5.2,4.3
Texas,10.7,8.3,7.5
Texas,5.7,4.3,4.1
Texas,6.1,5.1,4.9
Texas,3.7,3,4.3
Texas,4.4,3.6,3
Texas,10.3,8,6.5
Texas,6.5,5.1,5.3
Texas,6.1,4.9,5.2
Texas,5.5,4.6,4.2
Texas,3.8,3,2.5
Texas,5.4,4.2,5.2
Texas,7.7,6.4,6.1
Texas,5,4,3.4
Texas,12.8,11.6,10.8
Texas,6.1,4.9,4.6
Texas,4.3,3.4,2.9
Texas,4,3.2,4.6
Texas,8,6.2,5.2
Texas,10,7.8,6.4
Texas,5.7,4,4.8
Texas,5.3,4.3,5.3
Texas,4.2,3.6,4.2
Texas,7,5.4,4.8
Texas,5.7,4.5,3.8
Texas,5.2,4.2,3.7
Texas,6.2,4.9,4.7
Texas,12.8,10.6,9.4
Texas,11.6,9.6,9.2
Texas,7.5,5.8,5.7
Texas,7.1,6.2,6.5
Texas,5.7,4.2,3.6
Texas,3.5,3,4.7
Texas,4.1,3.3,4.1
Texas,3.3,2.8,2.8
Texas,7.4,5.8,5.3
Texas,4,3.1,2.9
Texas,6.5,5.2,4.5
Texas,6,5.1,5
Texas,14.9,13.6,13.6
Texas,5.1,4.4,4.2
Texas,3.8,3,3.5
Texas,4.7,3.9,4.4
Texas,4.5,3.6,6
Texas,8.4,6.1,4.8
Texas,6,5,4.2
Texas,5.2,4.2,3.7
Texas,4.8,4.4,4.9
Texas,5.9,4.3,4.7
Texas,5,4,3.3
Texas,7.4,6.3,5.8
Texas,5.1,4,4.1
Texas,5,4.1,3.3
Texas,7.4,6,6
Texas,10.2,8,7.1
Texas,6.3,5.1,5.3
Texas,4.1,3.2,3.9
Texas,6.9,5.7,5.1
Texas,7.3,5.7,6.1
Texas,6.5,5.3,4.5
Texas,5.3,4.2,4.1
Texas,6.6,5.4,5.1
Texas,6.4,5.1,4.8
Texas,4.7,3.6,4.3
Texas,5.4,4.6,4.8
Texas,6.1,5.1,4.7
Texas,5.9,4.7,4.4
Texas,4.3,3.6,3.9
Texas,5.8,4.9,4.3
Texas,5.7,4.9,4.9
Texas,15.7,12.4,13.1
Texas,5.2,4.4,3.5
Texas,5.2,4.2,3.8
Texas,5.2,4.4,5.7
Texas,5.9,4.9,4.6
Texas,7.2,6,5.3
Texas,3.8,3,3.8
Texas,5.1,4.1,4.3
Texas,6.2,5.2,7.6
Texas,14.4,12.1,11.1
Utah,4.6,3.8,3.5
Utah,4.7,4,3.7
Utah,4.7,3.9,3.6
Utah,4,3.2,3
Utah,6.3,5.1,5.6
Utah,4.9,4.2,4.6
Utah,4.3,3.6,3.3
Utah,4.3,3.6,7.3
Utah,6.1,5.3,6
Utah,9.2,8.8,8.7
Utah,7.7,6.4,6
Utah,5.6,4.5,4.4
Utah,5.1,4.1,3.9
Utah,5.4,4.8,4.4
Utah,4.1,3.5,3.5
Utah,4.1,3.4,3.1
Utah,7.8,7.2,6.4
Utah,4.7,3.9,3.6
Utah,4.4,3.7,3.3
Utah,8,7.7,7.8
Utah,5.6,4.6,4.1
Utah,5.4,4.5,4.4
Utah,4.2,3.4,3.3
Utah,5.4,4.8,4.1
Utah,4.4,3.6,6.6
Utah,4.2,3.5,3.2
Utah,4.7,3.8,3.4
Utah,5.5,4.4,4
Utah,10.9,9.4,8.9
Utah,5.4,4.4,4
Vermont,4.1,3.8,3.7
Vermont,5.2,4.6,4.3
Vermont,5.4,5,4.8
Vermont,3.4,3,2.7
Vermont,7.3,6.7,6.8
Vermont,4.2,4,3.7
Vermont,4.9,4.5,4.1
Vermont,5.7,5.1,4.7
Vermont,4.1,3.8,3.5
Vermont,6.9,6.4,5.8
Vermont,5.4,4.7,4.4
Vermont,4.2,3.9,3.6
Vermont,4.7,4.1,3.7
Vermont,4.1,3.7,3.3
Virginia,7.2,6.6,5.4
Virginia,4.8,4.5,3.9
Virginia,6.6,5.9,5.1
Virginia,5.9,5.2,4.4
Virginia,6.1,5.4,4.8
Virginia,6.4,5.7,4.9
Virginia,3.4,3.3,2.8
Virginia,5.2,4.7,4.1
Virginia,5.3,4.5,4.1
Virginia,5.7,5.1,4.4
Virginia,6.7,6,5.8
Virginia,5.2,4.9,4.2
Virginia,9.3,8.1,6.8
Virginia,11,10.4,10.8
Virginia,7.9,6.8,5.8
Virginia,5.9,5.4,4.8
Virginia,7,6.2,5.1
Virginia,8.3,6.7,5.3
Virginia,6.8,5.9,5.2
Virginia,7.7,6.8,5.7
Virginia,5.6,5.1,4.3
Virginia,4.7,4.4,4
Virginia,7,6.4,5.5
Virginia,5.3,5,4.3
Virginia,6.6,6.1,5.3
Virginia,11.1,10.2,10.1
Virginia,7.3,6.4,5.3
Virginia,6.6,6.4,5.4
Virginia,4.4,4.2,3.6
Virginia,4.9,4.6,3.9
Virginia,5.4,4.6,4
Virginia,4.8,4.4,3.7
Virginia,5.9,5.3,4.6
Virginia,5.3,4.7,4
Virginia,7,6.2,5.1
Virginia,5.2,4.8,4.1
Virginia,5.1,4.8,4.1
Virginia,9.6,7.8,5.8
Virginia,4.8,4.4,3.7
Virginia,7.7,6.5,5.4
Virginia,9.1,7.8,6.4
Virginia,5,4.5,3.9
Virginia,5.6,5.1,4.3
Virginia,9.1,7.7,6.5
Virginia,4.3,3.9,3.5
Virginia,5.7,5.2,4.6
Virginia,5.3,4.9,4.3
Virginia,6.1,5.7,4.8
Virginia,5.8,5.4,4.7
Virginia,5.6,5.2,4.2
Virginia,7.5,7.7,6.7
Virginia,8.7,8.2,7.2
Virginia,4.4,4.2,3.6
Virginia,5.7,5.1,4.3
Virginia,7,5.9,5.2
Virginia,4.4,4.1,3.5
Virginia,5.1,4.6,4.2
Virginia,9.3,7.7,6.2
Virginia,5.5,5,4.3
Virginia,5.6,5.1,4.3
Virginia,5.5,4.9,4
Virginia,5,4.5,3.8
Virginia,9.1,7.6,6.1
Virginia,7.4,7.1,6.2
Virginia,6,5.4,4.5
Virginia,5.9,5.3,4.6
Virginia,9.2,8.1,6.9
Virginia,8.2,6.7,5.5
Virginia,7,6.4,5.3
Virginia,5.1,4.5,3.9
Virginia,8.4,7.9,6.5
Virginia,7,6.3,5.3
Virginia,5.2,4.9,4.1
Virginia,7.5,6.1,5
Virginia,5.1,4.8,4.1
Virginia,6.2,5.5,4.6
Virginia,5,4.6,3.9
Virginia,5.8,5.6,5
Virginia,5.1,4.7,4.1
Virginia,8.5,7.9,6.5
Virginia,7,5.8,5.1
Virginia,5.6,5,4.3
Virginia,9,7.8,6.5
Virginia,5.6,4.9,4
Virginia,5.8,5.4,4.6
Virginia,5.6,5.3,4.5
Virginia,7.3,6.2,5.2
Virginia,9.2,7.8,6.8
Virginia,8.6,8.2,7.5
Virginia,6.1,5.6,4.7
Virginia,6.3,5.7,4.8
Virginia,6.8,6.4,5.4
Virginia,10.3,9.5,8.3
Virginia,7.8,6.4,5.4
Virginia,5.4,5,4.3
Virginia,4,3.8,3.3
Virginia,7,6.4,5.3
Virginia,6.8,6,5.2
Virginia,4.7,4.3,3.7
Virginia,5.9,5.3,4.5
Virginia,6.5,5.8,4.7
Virginia,8.4,8,6.1
Virginia,9.8,8.7,7.3
Virginia,9.8,8.2,7
Virginia,4.1,4.1,3.4
Virginia,3.9,3.6,3
Virginia,9.2,7.8,6.7
Virginia,6.4,6.1,5.3
Virginia,8.6,7.3,5.5
Virginia,7.5,6.7,6
Virginia,6.7,6.1,5.3
Virginia,9.7,9,7.5
Virginia,8.5,8.5,7.5
Virginia,7.1,6.4,5.6
Virginia,5.4,5,4.1
Virginia,5.1,4.8,4.2
Virginia,11.2,9.9,8.8
Virginia,6.8,6.2,5.4
Virginia,6.9,6.4,5.6
Virginia,8.3,7.7,7
Virginia,11.6,10.7,9
Virginia,4.9,4.5,3.8
Virginia,8.1,7.3,6.2
Virginia,7.5,6.7,5.6
Virginia,6.8,6.1,5.2
Virginia,6.6,5.9,4.9
Virginia,5.8,5.1,4.4
Virginia,5.8,5.1,4.4
Virginia,6.3,5.7,5
Virginia,5.4,4.9,4.3
Virginia,6,5.3,4.7
Virginia,7.7,7.3,6.3
Virginia,5.8,5.1,4.3
Washington,8.4,7.2,6.8
Washington,6.7,5.3,4.7
Washington,9,7.4,6.6
Washington,7.3,6,5.5
Washington,9.7,8.4,8
Washington,8.5,7,6.4
Washington,8.1,7.1,6.4
Washington,9.9,8,7.6
Washington,8.3,7,6.3
Washington,13.6,11.3,10.2
Washington,9.5,8.3,7.5
Washington,7.4,6.6,6.1
Washington,8.7,7.4,7.1
Washington,11.9,10.1,8.9
Washington,7.5,6.6,6
Washington,9.4,8,7.1
Washington,5,4.7,4.4
Washington,7.3,6.1,5.5
Washington,7.8,6.9,6.1
Washington,9.5,7.7,7.1
Washington,10.6,9,8.3
Washington,6.9,5.7,5.8
Washington,10.1,8.3,7.7
Washington,8.6,7.1,6.9
Washington,11.3,9.8,9.1
Washington,12,9.9,9.5
Washington,8.4,7,6.3
Washington,6,5,4.8
Washington,8.6,7.2,6.7
Washington,10,8.2,7.3
Washington,5.7,5.3,4.8
Washington,8.2,6.9,6.4
Washington,10.9,9.3,8.8
Washington,7.6,6.4,5.9
Washington,12,9.6,9.1
Washington,7.1,6.1,5.8
Washington,7.5,6.5,5.9
Washington,6.1,5.2,4.7
Washington,10,8.6,8
West Virginia,7.1,6.7,7.4
West Virginia,5.6,5.5,5
West Virginia,9.5,9.3,9.6
West Virginia,10.2,9.5,9
West Virginia,7.7,7.3,7.3
West Virginia,5.7,5.5,5.4
West Virginia,10.1,9.7,12.5
West Virginia,12,10.9,11.2
West Virginia,5.3,5,5.7
West Virginia,8.5,8.4,8.5
West Virginia,6.6,6.5,7.8
West Virginia,8.2,7.7,7.6
West Virginia,7.4,6.9,6.5
West Virginia,7,6.3,5.5
West Virginia,8.1,8,7.8
West Virginia,9.4,8.4,7.5
West Virginia,5.5,5.4,6.4
West Virginia,6.9,6.7,7.2
West Virginia,4.8,4.7,4.1
West Virginia,5.9,5.9,6
West Virginia,6.4,6.3,8.2
West Virginia,9.6,9.6,9.7
West Virginia,9.8,10.5,11.4
West Virginia,12.6,13.1,13
West Virginia,5.9,6,6.9
West Virginia,7.3,7.7,8.4
West Virginia,9.3,9.4,8.5
West Virginia,7.6,7.7,7.3
West Virginia,7.8,7.9,7.3
West Virginia,11.1,12,13.1
West Virginia,4.5,4.4,4.7
West Virginia,6.3,5.9,5.6
West Virginia,6.2,5.9,5.5
West Virginia,9.5,9.1,9.1
West Virginia,5.6,5.6,5.6
West Virginia,5.4,4.9,4.7
West Virginia,7.3,7.1,8.5
West Virginia,8.6,8.7,8.2
West Virginia,6.5,6,6.2
West Virginia,5.6,5.6,5.5
West Virginia,7.2,7.2,7.3
West Virginia,7.2,7.2,7
West Virginia,6.1,6.2,7
West Virginia,10.3,10,11.5
West Virginia,7.6,7.1,7
West Virginia,5.6,5.3,6
West Virginia,6.8,6.4,6.1
West Virginia,8.7,9.1,9.4
West Virginia,7.1,6.8,8
West Virginia,6.9,6.9,7
West Virginia,10.2,8.6,7.7
West Virginia,9.1,10.3,10
West Virginia,10.1,9.7,10.3
West Virginia,6.2,6,6.2
West Virginia,9.2,9.5,9.7
Wisconsin,10.9,8.8,7.4
Wisconsin,9.2,7.5,6.3
Wisconsin,7.5,5.8,5.1
Wisconsin,11,9.6,8.4
Wisconsin,6.2,4.9,4.1
Wisconsin,6.6,5.6,5
Wisconsin,8.5,8,7.1
Wisconsin,5.3,4.2,3.6
Wisconsin,6.7,5.4,4.8
Wisconsin,7.1,5.5,4.4
Wisconsin,6.5,5.3,4.4
Wisconsin,8.2,7.1,5.9
Wisconsin,4.7,3.7,3.2
Wisconsin,6.9,5.4,4.5
Wisconsin,9.9,8.2,6.8
Wisconsin,6.6,5.7,5.1
Wisconsin,6.4,5.2,4.6
Wisconsin,5.7,4.5,3.9
Wisconsin,8.3,7.4,6.8
Wisconsin,6.2,4.9,4.1
Wisconsin,10.9,8.7,7.5
Wisconsin,5.9,4.8,4.4
Wisconsin,5.7,4.5,3.8
Wisconsin,8,6.5,5.4
Wisconsin,6.5,5.1,4.2
Wisconsin,10.7,9.5,8.9
Wisconsin,7.1,5.9,4.9
Wisconsin,6.3,5,4.3
Wisconsin,8.2,6.5,5.2
Wisconsin,7.6,6.1,5.2
Wisconsin,6.4,5.1,4.1
Wisconsin,5.3,4.4,3.9
Wisconsin,5.4,4.2,3.7
Wisconsin,9.1,7.5,6.2
Wisconsin,8.3,6.2,5.2
Wisconsin,7.4,6.1,5.1
Wisconsin,6.7,5.1,4.1
Wisconsin,7.9,6.8,5.9
Wisconsin,8.4,7.2,6.2
Wisconsin,15.8,12.4,9.9
Wisconsin,8.4,6.9,5.8
Wisconsin,6.9,5.4,4.5
Wisconsin,7.7,6.2,5.2
Wisconsin,8.6,6.8,5.9
Wisconsin,6.1,4.8,4
Wisconsin,5.2,4.2,3.7
Wisconsin,5.7,4.8,4.3
Wisconsin,5.3,4.4,3.9
Wisconsin,7.1,5.7,4.9
Wisconsin,6.9,5.6,4.6
Wisconsin,6.9,5.4,4.6
Wisconsin,8.3,6.6,5.7
Wisconsin,6.1,5.1,4.3
Wisconsin,7.7,6.1,5.2
Wisconsin,8.6,6.6,5.6
Wisconsin,5.4,4.5,3.8
Wisconsin,6.3,5,4.2
Wisconsin,10.9,8.9,7.9
Wisconsin,7.5,5.9,4.9
Wisconsin,6.1,4.6,3.8
Wisconsin,6.4,5.4,4.4
Wisconsin,5.6,4.6,4
Wisconsin,6,4.9,4.2
Wisconsin,10.1,8.5,7.1
Wisconsin,6.8,5.6,4.8
Wisconsin,7.4,6.2,5.5
Wisconsin,5.7,4.6,3.8
Wisconsin,5.5,4.4,3.8
Wisconsin,7.3,5.7,4.7
Wisconsin,8.6,7.2,6.4
Wisconsin,6.4,5.2,4.3
Wisconsin,7.3,6.7,5.5
Wyoming,3.7,3.5,3.1
Wyoming,5.2,4.5,4.3
Wyoming,4.2,3.4,3.8
Wyoming,4.3,4,3.6
Wyoming,3.7,3,3.6
Wyoming,4.4,3.9,3.4
Wyoming,5.7,5,5.4
Wyoming,4.2,3.6,3.2
Wyoming,4.7,4.1,4.1
Wyoming,5,4.5,4.8
Wyoming,4.8,4.3,3.9
Wyoming,5.7,5.2,4.6
Wyoming,4.5,4,4.8
Wyoming,3.5,3.3,2.9
Wyoming,5.1,4.5,4.2
Wyoming,4.4,3.8,3.8
Wyoming,5.5,4.6,4.1
Wyoming,4.7,4.3,5.1
Wyoming,4.4,4,4.6
Wyoming,5.6,4.6,3.8
Wyoming,5.2,4.8,4.9
Wyoming,4.9,4.3,4
Wyoming,3.6,3.3,3.3
